{
  "boardWidth": 30,
  "boardHeight": 30,
  "boardPixWidth": 600,
  "boardPixHeight": 600,
  "playerCount": 8,
  "dir": "C:\\Users\\Unknown\\git\\Monopoly\\Version 5\\MonopolyV5",
  "gamePieces": [
    {
      "team": 0,
      "travelPath": {
      	"steps": [
          {"first": 25,"second": 25},
          {"first": 26,"second": 22},
          {"first": 26,"second": 20},
          {"first": 26,"second": 18},
          {"first": 26,"second": 16},
          {"first": 26,"second": 14},
          {"first": 26,"second": 12},
          {"first": 26,"second": 10},
          {"first": 26,"second": 8},
          {"first": 26,"second": 6},
          {"first": 25,"second": 0},
          {"first": 22,"second": 0},
          {"first": 20,"second": 0},
          {"first": 18,"second": 0},
          {"first": 16,"second": 0},
          {"first": 14,"second": 0},
          {"first": 12,"second": 0},
          {"first": 10,"second": 0},
          {"first": 8,"second": 0},
          {"first": 6,"second": 0},
          {"first": 2,"second": 0},
          {"first": 0,"second": 6},
          {"first": 0,"second": 8},
          {"first": 0,"second": 10},
          {"first": 0,"second": 12},
          {"first": 0,"second": 14},
          {"first": 0,"second": 16},
          {"first": 0,"second": 18},
          {"first": 0,"second": 20},
          {"first": 0,"second": 22},
          {"first": 1,"second": 25},
          {"first": 6,"second": 26},
          {"first": 8,"second": 26},
          {"first": 10,"second": 26},
          {"first": 12,"second": 26},
          {"first": 14,"second": 26},
          {"first": 16,"second": 26},
          {"first": 18,"second": 26},
          {"first": 20,"second": 26},
          {"first": 22,"second": 26
          }
        ],"currentStep": 0,"locked": false
      },
      "fileLocation": "pupper.png"
    },
    {
      "team": 1,
      "travelPath": {
      	"steps": [
          {"first": 25,"second": 26},
          {"first": 26,"second": 23},
          {"first": 26,"second": 21},
          {"first": 26,"second": 19},
          {"first": 26,"second": 17},
          {"first": 26,"second": 15},
          {"first": 26,"second": 13},
          {"first": 26,"second": 11},
          {"first": 26,"second": 9},
          {"first": 26,"second": 7},
          {"first": 26,"second": 0},
          {"first": 22,"second": 1},
          {"first": 20,"second": 1},
          {"first": 18,"second": 1},
          {"first": 16,"second": 1},
          {"first": 14,"second": 1},
          {"first": 12,"second": 1},
          {"first": 10,"second": 1},
          {"first": 8,"second": 1},
          {"first": 6,"second": 1},
          {"first": 2,"second": 1},
          {"first": 0,"second": 7},
          {"first": 0,"second": 9},
          {"first": 0,"second": 11},
          {"first": 0,"second": 13},
          {"first": 0,"second": 15},
          {"first": 0,"second": 17},
          {"first": 0,"second": 19},
          {"first": 0,"second": 21},
          {"first": 0,"second": 23},
          {"first": 1,"second": 26},
          {"first": 6,"second": 27},
          {"first": 8,"second": 27},
          {"first": 10,"second": 27},
          {"first": 12,"second": 27},
          {"first": 14,"second": 27},
          {"first": 16,"second": 27},
          {"first": 18,"second": 27},
          {"first": 20,"second": 27},
          {"first": 22,"second": 27
          }
        ],"currentStep": 0,"locked": false
  	  },
      "fileLocation": "thimble.png"
    },
    {
      "team": 2,
      "travelPath": {
      	"steps": [
          {"first": 25,"second": 27},
          {"first": 27,"second": 22},
          {"first": 27,"second": 20},
          {"first": 27,"second": 18},
          {"first": 27,"second": 16},
          {"first": 27,"second": 14},
          {"first": 27,"second": 12},
          {"first": 27,"second": 10},
          {"first": 27,"second": 8},
          {"first": 27,"second": 6},
          {"first": 27,"second": 0},
          {"first": 22,"second": 2},
          {"first": 20,"second": 2},
          {"first": 18,"second": 2},
          {"first": 16,"second": 2},
          {"first": 14,"second": 2},
          {"first": 12,"second": 2},
          {"first": 10,"second": 2},
          {"first": 8,"second": 2},
          {"first": 6,"second": 2},
          {"first": 2,"second": 4},
          {"first": 1,"second": 6},
          {"first": 1,"second": 8},
          {"first": 1,"second": 10},
          {"first": 1,"second": 12},
          {"first": 1,"second": 14},
          {"first": 1,"second": 16},
          {"first": 1,"second": 18},
          {"first": 1,"second": 20},
          {"first": 1,"second": 22},
          {"first": 1,"second": 27},
          {"first": 6,"second": 28},
          {"first": 8,"second": 28},
          {"first": 10,"second": 28},
          {"first": 12,"second": 28},
          {"first": 14,"second": 28},
          {"first": 16,"second": 28},
          {"first": 18,"second": 28},
          {"first": 20,"second": 28},
          {"first": 22,"second": 28
          }
        ],"currentStep": 0,"locked": false
      },
      "fileLocation": "boot.png"
    },
    {
      "team": 3,
      "travelPath": {
      	"steps": [
          {"first": 25,"second": 28},
          {"first": 27,"second": 23},
          {"first": 27,"second": 21},
          {"first": 27,"second": 19},
          {"first": 27,"second": 17},
          {"first": 27,"second": 15},
          {"first": 27,"second": 13},
          {"first": 27,"second": 11},
          {"first": 27,"second": 9},
          {"first": 27,"second": 7},
          {"first": 28,"second": 0},
          {"first": 22,"second": 3},
          {"first": 20,"second": 3},
          {"first": 18,"second": 3},
          {"first": 16,"second": 3},
          {"first": 14,"second": 3},
          {"first": 12,"second": 3},
          {"first": 10,"second": 3},
          {"first": 8,"second": 3},
          {"first": 6,"second": 3},
          {"first": 2,"second": 5},
          {"first": 1,"second": 7},
          {"first": 1,"second": 9},
          {"first": 1,"second": 11},
          {"first": 1,"second": 13},
          {"first": 1,"second": 15},
          {"first": 1,"second": 17},
          {"first": 1,"second": 19},
          {"first": 1,"second": 21},
          {"first": 1,"second": 23},
          {"first": 1,"second": 28},
          {"first": 6,"second": 29},
          {"first": 8,"second": 29},
          {"first": 10,"second": 29},
          {"first": 12,"second": 29},
          {"first": 14,"second": 29},
          {"first": 16,"second": 29},
          {"first": 18,"second": 29},
          {"first": 20,"second": 29},
          {"first": 22,"second": 29
          }
        ],"currentStep": 0,"locked": false
      },
      "fileLocation": "boat.png"
    },
    {
      "team": 4,
      "travelPath": {
      	"steps": [
          {"first": 26,"second": 25},
          {"first": 28,"second": 22},
          {"first": 28,"second": 20},
          {"first": 28,"second": 18},
          {"first": 28,"second": 16},
          {"first": 28,"second": 14},
          {"first": 28,"second": 12},
          {"first": 28,"second": 10},
          {"first": 28,"second": 8},
          {"first": 28,"second": 6},
          {"first": 29,"second": 1},
          {"first": 23,"second": 0},
          {"first": 21,"second": 0},
          {"first": 19,"second": 0},
          {"first": 17,"second": 0},
          {"first": 15,"second": 0},
          {"first": 13,"second": 0},
          {"first": 11,"second": 0},
          {"first": 9,"second": 0},
          {"first": 7,"second": 0},
          {"first": 3,"second": 0},
          {"first": 2,"second": 6},
          {"first": 2,"second": 8},
          {"first": 2,"second": 10},
          {"first": 2,"second": 12},
          {"first": 2,"second": 14},
          {"first": 2,"second": 16},
          {"first": 2,"second": 18},
          {"first": 2,"second": 20},
          {"first": 2,"second": 22},
          {"first": 2,"second": 25},
          {"first": 7,"second": 26},
          {"first": 9,"second": 26},
          {"first": 11,"second": 26},
          {"first": 13,"second": 26},
          {"first": 15,"second": 26},
          {"first": 17,"second": 26},
          {"first": 19,"second": 26},
          {"first": 21,"second": 26},
          {"first": 23,"second": 26
          }
        ],"currentStep": 0,"locked": false
      },
      "fileLocation": "wheelbarrow.png"
    },
    {
      "team": 5,
      "travelPath": {
      	"steps": [
          {"first": 26,"second": 26},
          {"first": 28,"second": 23},
          {"first": 28,"second": 21},
          {"first": 28,"second": 19},
          {"first": 28,"second": 17},
          {"first": 28,"second": 15},
          {"first": 28,"second": 13},
          {"first": 28,"second": 11},
          {"first": 28,"second": 9},
          {"first": 28,"second": 7},
          {"first": 29,"second": 2},
          {"first": 23,"second": 1},
          {"first": 21,"second": 1},
          {"first": 19,"second": 1},
          {"first": 17,"second": 1},
          {"first": 15,"second": 1},
          {"first": 13,"second": 1},
          {"first": 11,"second": 1},
          {"first": 9,"second": 1},
          {"first": 7,"second": 1},
          {"first": 3,"second": 1},
          {"first": 2,"second": 7},
          {"first": 2,"second": 9},
          {"first": 2,"second": 11},
          {"first": 2,"second": 13},
          {"first": 2,"second": 15},
          {"first": 2,"second": 17},
          {"first": 2,"second": 19},
          {"first": 2,"second": 21},
          {"first": 2,"second": 23},
          {"first": 2,"second": 26},
          {"first": 7,"second": 27},
          {"first": 9,"second": 27},
          {"first": 11,"second": 27},
          {"first": 13,"second": 27},
          {"first": 15,"second": 27},
          {"first": 17,"second": 27},
          {"first": 19,"second": 27},
          {"first": 21,"second": 27},
          {"first": 23,"second": 27
          }
        ],"currentStep": 0,"locked": false
      },
      "fileLocation": "hat.png"
    },
    {
      "team": 6,
      "travelPath": {
      	"steps": [
          {"first": 26,"second": 27},
          {"first": 29,"second": 22},
          {"first": 29,"second": 20},
          {"first": 29,"second": 18},
          {"first": 29,"second": 16},
          {"first": 29,"second": 14},
          {"first": 29,"second": 12},
          {"first": 29,"second": 10},
          {"first": 29,"second": 8},
          {"first": 29,"second": 6},
          {"first": 29,"second": 3},
          {"first": 23,"second": 2},
          {"first": 21,"second": 2},
          {"first": 19,"second": 2},
          {"first": 17,"second": 2},
          {"first": 15,"second": 2},
          {"first": 13,"second": 2},
          {"first": 11,"second": 2},
          {"first": 9,"second": 2},
          {"first": 7,"second": 2},
          {"first": 3,"second": 4},
          {"first": 3,"second": 6},
          {"first": 3,"second": 8},
          {"first": 3,"second": 10},
          {"first": 3,"second": 12},
          {"first": 3,"second": 14},
          {"first": 3,"second": 16},
          {"first": 3,"second": 18},
          {"first": 3,"second": 20},
          {"first": 3,"second": 22},
          {"first": 2,"second": 27},
          {"first": 7,"second": 28},
          {"first": 9,"second": 28},
          {"first": 11,"second": 28},
          {"first": 13,"second": 28},
          {"first": 15,"second": 28},
          {"first": 17,"second": 28},
          {"first": 19,"second": 28},
          {"first": 21,"second": 28},
          {"first": 23,"second": 28
          }
        ],"currentStep": 0,"locked": false
      },
      "fileLocation": "iron.png"
    },
    {
      "team": 7,
      "travelPath": {
      	"steps": [
          {"first": 26,"second": 28},
          {"first": 29,"second": 23},
          {"first": 29,"second": 21},
          {"first": 29,"second": 19},
          {"first": 29,"second": 17},
          {"first": 29,"second": 15},
          {"first": 29,"second": 13},
          {"first": 29,"second": 11},
          {"first": 29,"second": 9},
          {"first": 29,"second": 7},
          {"first": 29,"second": 4},
          {"first": 23,"second": 3},
          {"first": 21,"second": 3},
          {"first": 19,"second": 3},
          {"first": 17,"second": 3},
          {"first": 15,"second": 3},
          {"first": 13,"second": 3},
          {"first": 11,"second": 3},
          {"first": 9,"second": 3},
          {"first": 7,"second": 3},
          {"first": 3,"second": 5},
          {"first": 3,"second": 7},
          {"first": 3,"second": 9},
          {"first": 3,"second": 11},
          {"first": 3,"second": 13},
          {"first": 3,"second": 15},
          {"first": 3,"second": 17},
          {"first": 3,"second": 19},
          {"first": 3,"second": 21},
          {"first": 3,"second": 23},
          {"first": 2,"second": 28},
          {"first": 7,"second": 29},
          {"first": 9,"second": 29},
          {"first": 11,"second": 29},
          {"first": 13,"second": 29},
          {"first": 15,"second": 29},
          {"first": 17,"second": 29},
          {"first": 19,"second": 29},
          {"first": 21,"second": 29},
          {"first": 23,"second": 29}
        ],"currentStep": 0,"locked": false
      },
      "fileLocation": "car.png"
    }
  ],
  "playerIconPaths": [
    "pupper.png",
    "thimble.png",
    "boot.png",
    "boat.png",
    "wheelbarrow.png",
    "hat.png",
    "iron.png",
    "car.png"
  ],
  "iconPaths": [
    "baseboard.png",
    "purple.png",
    "purplehouse.png",
    "purplehotelleft.png",
    "purplehotelright.png",
    "purplehotelbottom.png",
    "lightblue.png",
    "lightbluehouse.png",
    "lightbluehotelleft.png",
    "lightbluehotelright.png",
    "lightbluehotelbottom.png",
    "pink.png",
    "pinkhouse.png",
    "pinkhotelleft.png",
    "pinkhotelright.png",
    "pinkhotelbottom.png",
    "orange.png",
    "orangehouse.png",
    "orangehotelleft.png",
    "orangehotelright.png",
    "orangehotelbottom.png",
    "red.png",
    "redhouse.png",
    "redhotelleft.png",
    "redhotelright.png",
    "redhotelbottom.png",
    "yellow.png",
    "yellowhouse.png",
    "yellowhotelleft.png",
    "yellowhotelright.png",
    "yellowhotelbottom.png",
    "green.png",
    "greenhouse.png",
    "greenhotelleft.png",
    "greenhotelright.png",
    "greenhotelbottom.png",
    "blue.png",
    "bluehouse.png",
    "bluehotelleft.png",
    "bluehotelright.png",
    "bluehotelbottom.png",
    "gotop.png",
    "gomid.png",
    "gobot.png",
    "jail.png",
    "chesttop.png",
    "chestbottom.png",
    "chance.png",
    "eleccomp.png",
    "waterworks.png",
    "parktop.png",
    "parkbot.png",
    "dotdie.png",
    "blankdie.png"
  ],
  "basePaint": [
    [0,0,0,0,0,0,0,0,0,0,0,0,0,0,0,0,0,0,0,0,0,0,0,0,0,0,0,0,0,0],
    [0,0,0,0,0,0,0,0,0,0,0,0,0,0,0,0,0,0,0,0,0,0,0,0,0,0,0,0,0,0],
    [0,0,21,50,0,0,0,0,0,0,0,0,0,0,0,0,0,0,0,0,0,0,0,0,0,0,0,0,0,0],
    [0,0,21,51,0,0,0,0,0,0,0,0,0,0,0,0,0,0,0,0,0,0,0,0,0,0,0,0,0,0],
    [0,0,21,0,0,0,21,21,47,47,21,21,21,21,0,0,26,26,26,26,49,49,26,26,0,0,0,0,0,0],
    [0,0,21,0,0,0,21,21,47,47,21,21,21,21,0,0,26,26,26,26,49,49,26,26,0,0,0,0,0,0],
    [0,0,0,0,16,16,0,0,0,0,0,52,52,52,0,0,52,52,52,0,0,0,0,0,31,31,0,0,0,0],
    [0,0,0,0,16,16,0,0,0,0,0,53,52,53,0,0,53,52,53,0,0,0,0,0,31,31,0,0,0,0],
    [0,0,0,0,16,16,0,0,0,0,0,52,52,52,0,0,52,52,52,0,0,0,0,0,31,31,0,0,0,0],
    [0,0,0,0,16,16,0,0,0,0,0,0,0,0,0,0,0,0,0,0,0,0,0,0,31,31,0,0,0,0],
    [0,0,0,0,45,45,0,0,0,0,0,0,0,0,0,0,0,0,0,0,0,0,0,0,45,45,0,0,0,0],
    [0,0,0,0,46,46,0,0,0,0,0,0,0,0,0,0,0,0,0,0,0,0,0,0,46,46,0,0,0,0],
    [0,0,0,0,16,16,0,0,0,0,0,0,0,0,0,0,0,0,0,0,0,0,0,0,31,31,0,0,0,0],
    [0,0,0,0,16,16,0,0,0,0,0,0,0,0,0,0,0,0,0,0,0,0,0,0,31,31,0,0,0,0],
    [0,0,0,0,0,0,0,0,0,0,0,0,0,0,0,0,0,0,0,0,0,0,0,0,0,0,0,0,0,0],
    [0,0,0,0,0,0,0,0,0,0,0,0,0,0,0,0,0,0,0,0,0,0,0,0,0,0,0,0,0,0],
    [0,0,0,0,11,11,0,0,0,0,0,0,0,0,0,0,0,0,0,0,0,0,0,0,47,47,0,0,0,0],
    [0,0,0,0,11,11,0,0,0,0,0,0,0,0,0,0,0,0,0,0,0,0,0,0,47,47,0,0,0,0],
    [0,0,0,0,11,11,0,0,0,0,0,0,0,0,0,0,0,0,0,0,0,0,0,0,36,36,0,0,0,0],
    [0,0,0,0,11,11,0,0,0,0,0,0,0,0,0,0,0,0,0,0,0,0,0,0,36,36,0,0,0,0],
    [0,0,0,0,48,48,0,0,0,0,0,0,0,0,0,0,0,0,0,0,0,0,0,0,0,0,0,0,0,0],
    [0,0,0,0,48,48,0,0,0,0,0,0,0,0,0,0,0,0,0,0,0,0,0,0,0,0,0,0,0,0],
    [0,0,0,0,11,11,0,0,0,0,0,0,0,0,0,0,0,0,0,0,0,0,0,0,36,36,0,0,0,0],
    [0,0,0,0,11,11,0,0,0,0,0,0,0,0,0,0,0,0,0,0,0,0,0,0,36,36,0,0,0,0],
    [0,44,44,44,44,44,6,6,6,6,47,47,6,6,0,0,0,0,1,1,45,45,1,1,0,0,0,0,0,0],
    [0,44,0,0,0,44,6,6,6,6,47,47,6,6,0,0,0,0,1,1,46,46,1,1,0,0,0,0,0,0],
    [0,44,0,44,0,44,0,0,0,0,0,0,0,0,0,0,0,0,0,0,0,0,0,0,0,0,0,0,0,0],
    [0,44,0,0,0,44,0,0,0,0,0,0,0,0,0,0,0,0,0,0,0,0,0,0,0,41,0,0,0,0],
    [0,44,44,44,44,44,0,0,0,0,0,0,0,0,0,0,0,0,0,0,0,0,0,0,42,21,21,21,21,21],
    [0,0,0,0,0,0,0,0,0,0,0,0,0,0,0,0,0,0,0,0,0,0,0,0,0,43,0,0,0,0]
  ],
  "stampCollection": [
    [{"engraving": " ","italics": false,"bold": true,"underline": false,"border": 14},
      {"engraving": " ","italics": false,"bold": true,"underline": false,"border": 2},
      {"engraving": " ","italics": false,"bold": true,"underline": false,"border": 2},
      {"engraving": " ","italics": false,"bold": true,"underline": false,"border": 2},
      {"engraving": " ","italics": false,"bold": true,"underline": false,"border": 2},
      {"engraving": " ","italics": false,"bold": true,"underline": false,"border": 6},
      {"engraving": " ","italics": false,"bold": true,"underline": false,"border": 14},
      {"engraving": " ","italics": false,"bold": true,"underline": false,"border": 6},
      {"engraving": " ","italics": false,"bold": true,"underline": false,"border": 14},
      {"engraving": " ","italics": false,"bold": true,"underline": false,"border": 6},
      {"engraving": " ","italics": false,"bold": true,"underline": false,"border": 14},
      {"engraving": " ","italics": false,"bold": true,"underline": false,"border": 6},
      {"engraving": " ","italics": false,"bold": true,"underline": false,"border": 14},
      {"engraving": " ","italics": false,"bold": true,"underline": false,"border": 6},
      {"engraving": " ","italics": false,"bold": true,"underline": false,"border": 14},
      {"engraving": " ","italics": false,"bold": true,"underline": false,"border": 6},
      {"engraving": " ","italics": false,"bold": true,"underline": false,"border": 14},
      {"engraving": " ","italics": false,"bold": true,"underline": false,"border": 6},
      {"engraving": " ","italics": false,"bold": true,"underline": false,"border": 14},
      {"engraving": " ","italics": false,"bold": true,"underline": false,"border": 6},
      {"engraving": " ","italics": false,"bold": true,"underline": false,"border": 14},
      {"engraving": " ","italics": false,"bold": true,"underline": false,"border": 6},
      {"engraving": " ","italics": false,"bold": true,"underline": false,"border": 14},
      {"engraving": " ","italics": false,"bold": true,"underline": false,"border": 6},
      {"engraving": " ","italics": false,"bold": true,"underline": false,"border": 14},
      {"engraving": " ","italics": false,"bold": true,"underline": false,"border": 2},
      {"engraving": " ","italics": false,"bold": true,"underline": false,"border": 2},
      {"engraving": " ","italics": false,"bold": true,"underline": false,"border": 2},
      {"engraving": " ","italics": false,"bold": true,"underline": false,"border": 2},
      {"engraving": " ","italics": false,"bold": true,"underline": false,"border": 6}
    ],
    [
      {"engraving": " ","italics": false,"bold": true,"underline": false,"border": 7},
      {"engraving": "F","italics": false,"bold": true,"underline": false,"border": 1},
      {"engraving": "R","italics": false,"bold": true,"underline": false,"border": 1},
      {"engraving": "E","italics": false,"bold": true,"underline": false,"border": 1},
      {"engraving": "E","italics": false,"bold": true,"underline": false,"border": 1},
      {"engraving": " ","italics": false,"bold": true,"underline": false,"border": 3},
      {"engraving": " ","italics": false,"bold": true,"underline": false,"border": 7},
      {"engraving": " ","italics": false,"bold": true,"underline": false,"border": 3},
      {"engraving": " ","italics": false,"bold": true,"underline": false,"border": 7},
      {"engraving": " ","italics": false,"bold": true,"underline": false,"border": 3},
      {"engraving": " ","italics": false,"bold": true,"underline": false,"border": 7},
      {"engraving": " ","italics": false,"bold": true,"underline": false,"border": 3},
      {"engraving": " ","italics": false,"bold": true,"underline": false,"border": 7},
      {"engraving": " ","italics": false,"bold": true,"underline": false,"border": 3},
      {"engraving": " ","italics": false,"bold": true,"underline": false,"border": 7},
      {"engraving": " ","italics": false,"bold": true,"underline": false,"border": 3},
      {"engraving": " ","italics": false,"bold": true,"underline": false,"border": 7},
      {"engraving": " ","italics": false,"bold": true,"underline": false,"border": 3},
      {"engraving": " ","italics": false,"bold": true,"underline": false,"border": 7},
      {"engraving": " ","italics": false,"bold": true,"underline": false,"border": 3},
      {"engraving": " ","italics": false,"bold": true,"underline": false,"border": 7},
      {"engraving": " ","italics": false,"bold": true,"underline": false,"border": 3},
      {"engraving": " ","italics": false,"bold": true,"underline": false,"border": 7},
      {"engraving": " ","italics": false,"bold": true,"underline": false,"border": 3},
      {"engraving": " ","italics": false,"bold": true,"underline": false,"border": 7},
      {"engraving": " ","italics": false,"bold": true,"underline": false,"border": 1},
      {"engraving": " ","italics": false,"bold": true,"underline": false,"border": 1},
      {"engraving": " ","italics": false,"bold": true,"underline": false,"border": 1},
      {"engraving": " ","italics": false,"bold": true,"underline": false,"border": 1},
      {"engraving": " ","italics": false,"bold": true,"underline": false,"border": 3}
    ],
    [
      {"engraving": " ","italics": false,"bold": true,"underline": false,"border": 7},
      {"engraving": " ","italics": false,"bold": true,"underline": false,"border": 1},
      {"engraving": " ","italics": false,"bold": true,"underline": false,"border": 1},
      {"engraving": " ","italics": false,"bold": true,"underline": false,"border": 1},
      {"engraving": " ","italics": false,"bold": true,"underline": false,"border": 1},
      {"engraving": " ","italics": false,"bold": true,"underline": false,"border": 3},
      {"engraving": " ","italics": false,"bold": true,"underline": false,"border": 7},
      {"engraving": " ","italics": false,"bold": true,"underline": false,"border": 3},
      {"engraving": " ","italics": false,"bold": true,"underline": false,"border": 7},
      {"engraving": " ","italics": false,"bold": true,"underline": false,"border": 3},
      {"engraving": " ","italics": false,"bold": true,"underline": false,"border": 7},
      {"engraving": " ","italics": false,"bold": true,"underline": false,"border": 3},
      {"engraving": " ","italics": false,"bold": true,"underline": false,"border": 7},
      {"engraving": " ","italics": false,"bold": true,"underline": false,"border": 3},
      {"engraving": " ","italics": false,"bold": true,"underline": false,"border": 7},
      {"engraving": " ","italics": false,"bold": true,"underline": false,"border": 3},
      {"engraving": " ","italics": false,"bold": true,"underline": false,"border": 7},
      {"engraving": " ","italics": false,"bold": true,"underline": false,"border": 3},
      {"engraving": " ","italics": false,"bold": true,"underline": false,"border": 7},
      {"engraving": " ","italics": false,"bold": true,"underline": false,"border": 3},
      {"engraving": " ","italics": false,"bold": true,"underline": false,"border": 7},
      {"engraving": " ","italics": false,"bold": true,"underline": false,"border": 3},
      {"engraving": " ","italics": false,"bold": true,"underline": false,"border": 7},
      {"engraving": " ","italics": false,"bold": true,"underline": false,"border": 3},
      {"engraving": " ","italics": false,"bold": true,"underline": false,"border": 7},
      {"engraving": " ","italics": false,"bold": true,"underline": false,"border": 1},
      {"engraving": " ","italics": false,"bold": true,"underline": false,"border": 1},
      {"engraving": " ","italics": false,"bold": true,"underline": false,"border": 1},
      {"engraving": " ","italics": false,"bold": true,"underline": false,"border": 1},
      {"engraving": " ","italics": false,"bold": true,"underline": false,"border": 3}
    ],
    [
      {"engraving": " ","italics": false,"bold": true,"underline": false,"border": 7},
      {"engraving": " ","italics": false,"bold": true,"underline": false,"border": 1},
      {"engraving": " ","italics": false,"bold": true,"underline": false,"border": 1},
      {"engraving": " ","italics": false,"bold": true,"underline": false,"border": 1},
      {"engraving": " ","italics": false,"bold": true,"underline": false,"border": 1},
      {"engraving": " ","italics": false,"bold": true,"underline": false,"border": 3},
      {"engraving": " ","italics": false,"bold": true,"underline": false,"border": 35},
      {"engraving": " ","italics": false,"bold": true,"underline": false,"border": 15},
      {"engraving": " ","italics": false,"bold": true,"underline": false,"border": 7},
      {"engraving": " ","italics": false,"bold": true,"underline": false,"border": 3},
      {"engraving": " ","italics": false,"bold": true,"underline": false,"border": 35},
      {"engraving": " ","italics": false,"bold": true,"underline": false,"border": 15},
      {"engraving": " ","italics": false,"bold": true,"underline": false,"border": 35},
      {"engraving": " ","italics": false,"bold": true,"underline": false,"border": 15},
      {"engraving": " ","italics": false,"bold": true,"underline": false,"border": 7},
      {"engraving": " ","italics": false,"bold": true,"underline": false,"border": 3},
      {"engraving": " ","italics": false,"bold": true,"underline": false,"border": 35},
      {"engraving": " ","italics": false,"bold": true,"underline": false,"border": 15},
      {"engraving": " ","italics": false,"bold": true,"underline": false,"border": 35},
      {"engraving": " ","italics": false,"bold": true,"underline": false,"border": 15},
      {"engraving": " ","italics": false,"bold": true,"underline": false,"border": 7},
      {"engraving": " ","italics": false,"bold": true,"underline": false,"border": 3},
      {"engraving": " ","italics": false,"bold": true,"underline": false,"border": 35},
      {"engraving": " ","italics": false,"bold": true,"underline": false,"border": 15},
      {"engraving": " ","italics": false,"bold": true,"underline": false,"border": 7},
      {"engraving": "G","italics": false,"bold": true,"underline": false,"border": 1},
      {"engraving": "O","italics": false,"bold": true,"underline": false,"border": 1},
      {"engraving": "T","italics": false,"bold": true,"underline": false,"border": 1},
      {"engraving": "O","italics": false,"bold": true,"underline": false,"border": 1},
      {"engraving": " ","italics": false,"bold": true,"underline": false,"border": 3}
    ],
    [
      {"engraving": " ","italics": false,"bold": true,"underline": false,"border": 7},
      {"engraving": " ","italics": false,"bold": true,"underline": false,"border": 1},
      {"engraving": " ","italics": false,"bold": true,"underline": false,"border": 1},
      {"engraving": " ","italics": false,"bold": true,"underline": false,"border": 1},
      {"engraving": " ","italics": false,"bold": true,"underline": false,"border": 1},
      {"engraving": " ","italics": false,"bold": true,"underline": false,"border": 3},
      {"engraving": " ","italics": false,"bold": true,"underline": false,"border": 14},
      {"engraving": " ","italics": false,"bold": true,"underline": false,"border": 6},
      {"engraving": " ","italics": false,"bold": true,"underline": false,"border": 7},
      {"engraving": " ","italics": false,"bold": true,"underline": false,"border": 3},
      {"engraving": " ","italics": false,"bold": true,"underline": false,"border": 14},
      {"engraving": " ","italics": false,"bold": true,"underline": false,"border": 6},
      {"engraving": " ","italics": false,"bold": true,"underline": false,"border": 14},
      {"engraving": " ","italics": false,"bold": true,"underline": false,"border": 6},
      {"engraving": "B","italics": false,"bold": true,"underline": false,"border": 7},
      {"engraving": "O","italics": false,"bold": true,"underline": false,"border": 3},
      {"engraving": " ","italics": false,"bold": true,"underline": false,"border": 14},
      {"engraving": " ","italics": false,"bold": true,"underline": false,"border": 6},
      {"engraving": " ","italics": false,"bold": true,"underline": false,"border": 14},
      {"engraving": " ","italics": false,"bold": true,"underline": false,"border": 6},
      {"engraving": " ","italics": false,"bold": true,"underline": false,"border": 7},
      {"engraving": " ","italics": false,"bold": true,"underline": false,"border": 3},
      {"engraving": " ","italics": false,"bold": true,"underline": false,"border": 14},
      {"engraving": " ","italics": false,"bold": true,"underline": false,"border": 6},
      {"engraving": " ","italics": false,"bold": true,"underline": false,"border": 7},
      {"engraving": "J","italics": false,"bold": true,"underline": false,"border": 1},
      {"engraving": "A","italics": false,"bold": true,"underline": false,"border": 1},
      {"engraving": "I","italics": false,"bold": true,"underline": false,"border": 1},
      {"engraving": "L","italics": false,"bold": true,"underline": false,"border": 1},
      {"engraving": " ","italics": false,"bold": true,"underline": false,"border": 3}
    ],
    [
      {"engraving": " ","italics": false,"bold": true,"underline": false,"border": 35},
      {"engraving": " ","italics": false,"bold": true,"underline": false,"border": 5},
      {"engraving": " ","italics": false,"bold": true,"underline": false,"border": 5},
      {"engraving": " ","italics": false,"bold": true,"underline": false,"border": 5},
      {"engraving": " ","italics": false,"bold": true,"underline": false,"border": 5},
      {"engraving": " ","italics": false,"bold": true,"underline": false,"border": 15},
      {"engraving": " ","italics": false,"bold": true,"underline": false,"border": 35},
      {"engraving": " ","italics": false,"bold": true,"underline": false,"border": 15},
      {"engraving": " ","italics": false,"bold": true,"underline": false,"border": 35},
      {"engraving": " ","italics": false,"bold": true,"underline": false,"border": 15},
      {"engraving": " ","italics": false,"bold": true,"underline": false,"border": 35},
      {"engraving": " ","italics": false,"bold": true,"underline": false,"border": 15},
      {"engraving": " ","italics": false,"bold": true,"underline": false,"border": 35},
      {"engraving": " ","italics": false,"bold": true,"underline": false,"border": 15},
      {"engraving": "R","italics": false,"bold": true,"underline": false,"border": 35},
      {"engraving": "R","italics": false,"bold": true,"underline": false,"border": 15},
      {"engraving": " ","italics": false,"bold": true,"underline": false,"border": 35},
      {"engraving": " ","italics": false,"bold": true,"underline": false,"border": 15},
      {"engraving": " ","italics": false,"bold": true,"underline": false,"border": 35},
      {"engraving": " ","italics": false,"bold": true,"underline": false,"border": 15},
      {"engraving": " ","italics": false,"bold": true,"underline": false,"border": 35},
      {"engraving": " ","italics": false,"bold": true,"underline": false,"border": 15},
      {"engraving": " ","italics": false,"bold": true,"underline": false,"border": 35},
      {"engraving": " ","italics": false,"bold": true,"underline": false,"border": 15},
      {"engraving": " ","italics": false,"bold": true,"underline": false,"border": 35},
      {"engraving": " ","italics": false,"bold": true,"underline": false,"border": 5},
      {"engraving": " ","italics": false,"bold": true,"underline": false,"border": 5},
      {"engraving": " ","italics": false,"bold": true,"underline": false,"border": 5},
      {"engraving": " ","italics": false,"bold": true,"underline": false,"border": 5},
      {"engraving": " ","italics": false,"bold": true,"underline": false,"border": 15}
    ],
    [
      {"engraving": " ","italics": false,"bold": true,"underline": false,"border": 14},
      {"engraving": " ","italics": false,"bold": true,"underline": false,"border": 2},
      {"engraving": " ","italics": false,"bold": true,"underline": false,"border": 2},
      {"engraving": " ","italics": false,"bold": true,"underline": false,"border": 6},
      {"engraving": " ","italics": false,"bold": true,"underline": false,"border": 14},
      {"engraving": " ","italics": false,"bold": true,"underline": false,"border": 6},
      {"engraving": " ","italics": false,"bold": true,"underline": false,"border": 14},
      {"engraving": " ","italics": false,"bold": true,"underline": false,"border": 2},
      {"engraving": " ","italics": false,"bold": true,"underline": false,"border": 2},
      {"engraving": " ","italics": false,"bold": true,"underline": false,"border": 2},
      {"engraving": " ","italics": false,"bold": true,"underline": false,"border": 2},
      {"engraving": " ","italics": false,"bold": true,"underline": false,"border": 14},
      {"engraving": " ","italics": false,"bold": true,"underline": false,"border": 2},
      {"engraving": " ","italics": false,"bold": true,"underline": false,"border": 6},
      {"engraving": " ","italics": false,"bold": true,"underline": false,"border": 2},
      {"engraving": " ","italics": false,"bold": true,"underline": false,"border": 2},
      {"engraving": " ","italics": false,"bold": true,"underline": false,"border": 14},
      {"engraving": " ","italics": false,"bold": true,"underline": false,"border": 2},
      {"engraving": " ","italics": false,"bold": true,"underline": false,"border": 6},
      {"engraving": " ","italics": false,"bold": true,"underline": false,"border": 2},
      {"engraving": " ","italics": false,"bold": true,"underline": false,"border": 2},
      {"engraving": " ","italics": false,"bold": true,"underline": false,"border": 2},
      {"engraving": " ","italics": false,"bold": true,"underline": false,"border": 2},
      {"engraving": " ","italics": false,"bold": true,"underline": false,"border": 6},
      {"engraving": " ","italics": false,"bold": true,"underline": false,"border": 14},
      {"engraving": " ","italics": false,"bold": true,"underline": false,"border": 6},
      {"engraving": " ","italics": false,"bold": true,"underline": false,"border": 14},
      {"engraving": " ","italics": false,"bold": true,"underline": false,"border": 2},
      {"engraving": " ","italics": false,"bold": true,"underline": false,"border": 2},
      {"engraving": " ","italics": false,"bold": true,"underline": false,"border": 6}
    ],
    [
      {"engraving": " ","italics": false,"bold": true,"underline": false,"border": 35},
      {"engraving": " ","italics": false,"bold": true,"underline": false,"border": 5},
      {"engraving": " ","italics": false,"bold": true,"underline": false,"border": 5},
      {"engraving": " ","italics": false,"bold": true,"underline": false,"border": 15},
      {"engraving": " ","italics": false,"bold": true,"underline": false,"border": 35},
      {"engraving": " ","italics": false,"bold": true,"underline": false,"border": 15},
      {"engraving": " ","italics": false,"bold": true,"underline": false,"border": 7},
      {"engraving": " ","italics": false,"bold": true,"underline": false,"border": 1},
      {"engraving": " ","italics": false,"bold": true,"underline": false,"border": 1},
      {"engraving": " ","italics": false,"bold": true,"underline": false,"border": 1},
      {"engraving": " ","italics": false,"bold": true,"underline": false,"border": 1},
      {"engraving": " ","italics": false,"bold": true,"underline": false,"border": 7},
      {"engraving": " ","italics": false,"bold": true,"underline": false,"border": 1},
      {"engraving": " ","italics": false,"bold": true,"underline": false,"border": 3},
      {"engraving": " ","italics": false,"bold": true,"underline": false,"border": 1},
      {"engraving": " ","italics": false,"bold": true,"underline": false,"border": 1},
      {"engraving": " ","italics": false,"bold": true,"underline": false,"border": 7},
      {"engraving": " ","italics": false,"bold": true,"underline": false,"border": 1},
      {"engraving": " ","italics": false,"bold": true,"underline": false,"border": 3},
      {"engraving": " ","italics": false,"bold": true,"underline": false,"border": 1},
      {"engraving": " ","italics": false,"bold": true,"underline": false,"border": 1},
      {"engraving": " ","italics": false,"bold": true,"underline": false,"border": 1},
      {"engraving": " ","italics": false,"bold": true,"underline": false,"border": 1},
      {"engraving": " ","italics": false,"bold": true,"underline": false,"border": 3},
      {"engraving": " ","italics": false,"bold": true,"underline": false,"border": 35},
      {"engraving": " ","italics": false,"bold": true,"underline": false,"border": 15},
      {"engraving": " ","italics": false,"bold": true,"underline": false,"border": 35},
      {"engraving": " ","italics": false,"bold": true,"underline": false,"border": 5},
      {"engraving": " ","italics": false,"bold": true,"underline": false,"border": 5},
      {"engraving": " ","italics": false,"bold": true,"underline": false,"border": 15}
    ],
    [
      {"engraving": " ","italics": false,"bold": true,"underline": false,"border": 14},
      {"engraving": " ","italics": false,"bold": true,"underline": false,"border": 2},
      {"engraving": " ","italics": false,"bold": true,"underline": false,"border": 2},
      {"engraving": " ","italics": false,"bold": true,"underline": false,"border": 6},
      {"engraving": " ","italics": false,"bold": true,"underline": false,"border": 14},
      {"engraving": " ","italics": false,"bold": true,"underline": false,"border": 6},
      {"engraving": " ","italics": false,"bold": true,"underline": false,"border": 7},
      {"engraving": " ","italics": false,"bold": true,"underline": false,"border": 1},
      {"engraving": " ","italics": false,"bold": true,"underline": false,"border": 1},
      {"engraving": " ","italics": false,"bold": true,"underline": false,"border": 1},
      {"engraving": " ","italics": false,"bold": true,"underline": false,"border": 1},
      {"engraving": " ","italics": false,"bold": true,"underline": false,"border": 35},
      {"engraving": " ","italics": false,"bold": true,"underline": false,"border": 5},
      {"engraving": " ","italics": false,"bold": true,"underline": false,"border": 15},
      {"engraving": " ","italics": false,"bold": true,"underline": false,"border": 1},
      {"engraving": " ","italics": false,"bold": true,"underline": false,"border": 1},
      {"engraving": " ","italics": false,"bold": true,"underline": false,"border": 35},
      {"engraving": " ","italics": false,"bold": true,"underline": false,"border": 5},
      {"engraving": " ","italics": false,"bold": true,"underline": false,"border": 15},
      {"engraving": " ","italics": false,"bold": true,"underline": false,"border": 1},
      {"engraving": " ","italics": false,"bold": true,"underline": false,"border": 1},
      {"engraving": " ","italics": false,"bold": true,"underline": false,"border": 1},
      {"engraving": " ","italics": false,"bold": true,"underline": false,"border": 1},
      {"engraving": " ","italics": false,"bold": true,"underline": false,"border": 3},
      {"engraving": " ","italics": false,"bold": true,"underline": false,"border": 14},
      {"engraving": " ","italics": false,"bold": true,"underline": false,"border": 6},
      {"engraving": " ","italics": false,"bold": true,"underline": false,"border": 14},
      {"engraving": " ","italics": false,"bold": true,"underline": false,"border": 2},
      {"engraving": " ","italics": false,"bold": true,"underline": false,"border": 2},
      {"engraving": " ","italics": false,"bold": true,"underline": false,"border": 6}
    ],
    [
      {"engraving": " ","italics": false,"bold": true,"underline": false,"border": 35},
      {"engraving": " ","italics": false,"bold": true,"underline": false,"border": 5},
      {"engraving": " ","italics": false,"bold": true,"underline": false,"border": 5},
      {"engraving": " ","italics": false,"bold": true,"underline": false,"border": 15},
      {"engraving": " ","italics": false,"bold": true,"underline": false,"border": 35},
      {"engraving": " ","italics": false,"bold": true,"underline": false,"border": 15},
      {"engraving": " ","italics": false,"bold": true,"underline": false,"border": 7},
      {"engraving": " ","italics": false,"bold": true,"underline": false,"border": 1},
      {"engraving": " ","italics": false,"bold": true,"underline": false,"border": 1},
      {"engraving": " ","italics": false,"bold": true,"underline": false,"border": 1},
      {"engraving": " ","italics": false,"bold": true,"underline": false,"border": 1},
      {"engraving": " ","italics": false,"bold": true,"underline": false,"border": 1},
      {"engraving": " ","italics": false,"bold": true,"underline": false,"border": 1},
      {"engraving": " ","italics": false,"bold": true,"underline": false,"border": 1},
      {"engraving": " ","italics": false,"bold": true,"underline": false,"border": 1},
      {"engraving": " ","italics": false,"bold": true,"underline": false,"border": 1},
      {"engraving": " ","italics": false,"bold": true,"underline": false,"border": 1},
      {"engraving": " ","italics": false,"bold": true,"underline": false,"border": 1},
      {"engraving": " ","italics": false,"bold": true,"underline": false,"border": 1},
      {"engraving": " ","italics": false,"bold": true,"underline": false,"border": 1},
      {"engraving": " ","italics": false,"bold": true,"underline": false,"border": 1},
      {"engraving": " ","italics": false,"bold": true,"underline": false,"border": 1},
      {"engraving": " ","italics": false,"bold": true,"underline": false,"border": 1},
      {"engraving": " ","italics": false,"bold": true,"underline": false,"border": 3},
      {"engraving": " ","italics": false,"bold": true,"underline": false,"border": 35},
      {"engraving": " ","italics": false,"bold": true,"underline": false,"border": 15},
      {"engraving": " ","italics": false,"bold": true,"underline": false,"border": 35},
      {"engraving": " ","italics": false,"bold": true,"underline": false,"border": 5},
      {"engraving": " ","italics": false,"bold": true,"underline": false,"border": 5},
      {"engraving": " ","italics": false,"bold": true,"underline": false,"border": 15}
    ],
    [
      {"engraving": " ","italics": false,"bold": true,"underline": false,"border": 14},
      {"engraving": " ","italics": false,"bold": true,"underline": false,"border": 2},
      {"engraving": " ","italics": false,"bold": true,"underline": false,"border": 2},
      {"engraving": " ","italics": false,"bold": true,"underline": false,"border": 2},
      {"engraving": " ","italics": false,"bold": true,"underline": false,"border": 2},
      {"engraving": " ","italics": false,"bold": true,"underline": false,"border": 6},
      {"engraving": " ","italics": false,"bold": true,"underline": false,"border": 7},
      {"engraving": " ","italics": false,"bold": true,"underline": false,"border": 1},
      {"engraving": " ","italics": false,"bold": true,"underline": false,"border": 1},
      {"engraving": " ","italics": false,"bold": true,"underline": false,"border": 1},
      {"engraving": " ","italics": false,"bold": true,"underline": false,"border": 1},
      {"engraving": " ","italics": false,"bold": true,"underline": false,"border": 1},
      {"engraving": " ","italics": false,"bold": true,"underline": false,"border": 1},
      {"engraving": " ","italics": false,"bold": true,"underline": false,"border": 1},
      {"engraving": " ","italics": false,"bold": true,"underline": false,"border": 1},
      {"engraving": " ","italics": false,"bold": true,"underline": false,"border": 1},
      {"engraving": " ","italics": false,"bold": true,"underline": false,"border": 1},
      {"engraving": " ","italics": false,"bold": true,"underline": false,"border": 1},
      {"engraving": " ","italics": false,"bold": true,"underline": false,"border": 1},
      {"engraving": " ","italics": false,"bold": true,"underline": false,"border": 1},
      {"engraving": " ","italics": false,"bold": true,"underline": false,"border": 1},
      {"engraving": " ","italics": false,"bold": true,"underline": false,"border": 1},
      {"engraving": " ","italics": false,"bold": true,"underline": false,"border": 1},
      {"engraving": " ","italics": false,"bold": true,"underline": false,"border": 3},
      {"engraving": " ","italics": false,"bold": true,"underline": false,"border": 14},
      {"engraving": " ","italics": false,"bold": true,"underline": false,"border": 2},
      {"engraving": " ","italics": false,"bold": true,"underline": false,"border": 2},
      {"engraving": " ","italics": false,"bold": true,"underline": false,"border": 2},
      {"engraving": " ","italics": false,"bold": true,"underline": false,"border": 2},
      {"engraving": " ","italics": false,"bold": true,"underline": false,"border": 6}
    ],
    [
      {"engraving": " ","italics": false,"bold": true,"underline": false,"border": 35},
      {"engraving": " ","italics": false,"bold": true,"underline": false,"border": 5},
      {"engraving": " ","italics": false,"bold": true,"underline": false,"border": 5},
      {"engraving": " ","italics": false,"bold": true,"underline": false,"border": 5},
      {"engraving": " ","italics": false,"bold": true,"underline": false,"border": 5},
      {"engraving": " ","italics": false,"bold": true,"underline": false,"border": 15},
      {"engraving": " ","italics": false,"bold": true,"underline": false,"border": 7},
      {"engraving": " ","italics": false,"bold": true,"underline": false,"border": 1},
      {"engraving": " ","italics": false,"bold": true,"underline": false,"border": 1},
      {"engraving": " ","italics": false,"bold": true,"underline": false,"border": 1},
      {"engraving": " ","italics": false,"bold": true,"underline": false,"border": 1},
      {"engraving": " ","italics": false,"bold": true,"underline": false,"border": 1},
      {"engraving": " ","italics": false,"bold": true,"underline": false,"border": 1},
      {"engraving": " ","italics": false,"bold": true,"underline": false,"border": 1},
      {"engraving": " ","italics": false,"bold": true,"underline": false,"border": 1},
      {"engraving": " ","italics": false,"bold": true,"underline": false,"border": 1},
      {"engraving": " ","italics": false,"bold": true,"underline": false,"border": 1},
      {"engraving": " ","italics": false,"bold": true,"underline": false,"border": 1},
      {"engraving": " ","italics": false,"bold": true,"underline": false,"border": 1},
      {"engraving": " ","italics": false,"bold": true,"underline": false,"border": 1},
      {"engraving": " ","italics": false,"bold": true,"underline": false,"border": 1},
      {"engraving": " ","italics": false,"bold": true,"underline": false,"border": 1},
      {"engraving": " ","italics": false,"bold": true,"underline": false,"border": 1},
      {"engraving": " ","italics": false,"bold": true,"underline": false,"border": 3},
      {"engraving": " ","italics": false,"bold": true,"underline": false,"border": 35},
      {"engraving": " ","italics": false,"bold": true,"underline": false,"border": 5},
      {"engraving": " ","italics": false,"bold": true,"underline": false,"border": 5},
      {"engraving": " ","italics": false,"bold": true,"underline": false,"border": 5},
      {"engraving": " ","italics": false,"bold": true,"underline": false,"border": 5},
      {"engraving": " ","italics": false,"bold": true,"underline": false,"border": 15}
    ],
    [
      {"engraving": " ","italics": false,"bold": true,"underline": false,"border": 14},
      {"engraving": " ","italics": false,"bold": true,"underline": false,"border": 2},
      {"engraving": " ","italics": false,"bold": true,"underline": false,"border": 2},
      {"engraving": " ","italics": false,"bold": true,"underline": false,"border": 6},
      {"engraving": " ","italics": false,"bold": true,"underline": false,"border": 14},
      {"engraving": " ","italics": false,"bold": true,"underline": false,"border": 6},
      {"engraving": " ","italics": false,"bold": true,"underline": false,"border": 7},
      {"engraving": " ","italics": false,"bold": true,"underline": false,"border": 1},
      {"engraving": " ","italics": false,"bold": true,"underline": false,"border": 1},
      {"engraving": " ","italics": false,"bold": true,"underline": false,"border": 1},
      {"engraving": " ","italics": false,"bold": true,"underline": false,"border": 1},
      {"engraving": " ","italics": false,"bold": true,"underline": false,"border": 1},
      {"engraving": " ","italics": false,"bold": true,"underline": false,"border": 1},
      {"engraving": " ","italics": false,"bold": true,"underline": false,"border": 1},
      {"engraving": " ","italics": false,"bold": true,"underline": false,"border": 1},
      {"engraving": " ","italics": false,"bold": true,"underline": false,"border": 1},
      {"engraving": " ","italics": false,"bold": true,"underline": false,"border": 1},
      {"engraving": " ","italics": false,"bold": true,"underline": false,"border": 1},
      {"engraving": " ","italics": false,"bold": true,"underline": false,"border": 1},
      {"engraving": " ","italics": false,"bold": true,"underline": false,"border": 1},
      {"engraving": " ","italics": false,"bold": true,"underline": false,"border": 1},
      {"engraving": " ","italics": false,"bold": true,"underline": false,"border": 1},
      {"engraving": " ","italics": false,"bold": true,"underline": false,"border": 1},
      {"engraving": " ","italics": false,"bold": true,"underline": false,"border": 3},
      {"engraving": " ","italics": false,"bold": true,"underline": false,"border": 14},
      {"engraving": " ","italics": false,"bold": true,"underline": false,"border": 6},
      {"engraving": " ","italics": false,"bold": true,"underline": false,"border": 14},
      {"engraving": " ","italics": false,"bold": true,"underline": false,"border": 2},
      {"engraving": " ","italics": false,"bold": true,"underline": false,"border": 2},
      {"engraving": " ","italics": false,"bold": true,"underline": false,"border": 6}
    ],
    [
      {"engraving": " ","italics": false,"bold": true,"underline": false,"border": 35},
      {"engraving": " ","italics": false,"bold": true,"underline": false,"border": 5},
      {"engraving": " ","italics": false,"bold": true,"underline": false,"border": 5},
      {"engraving": " ","italics": false,"bold": true,"underline": false,"border": 15},
      {"engraving": " ","italics": false,"bold": true,"underline": false,"border": 35},
      {"engraving": " ","italics": false,"bold": true,"underline": false,"border": 15},
      {"engraving": " ","italics": false,"bold": true,"underline": false,"border": 7},
      {"engraving": " ","italics": false,"bold": true,"underline": false,"border": 1},
      {"engraving": " ","italics": false,"bold": true,"underline": false,"border": 1},
      {"engraving": " ","italics": false,"bold": true,"underline": false,"border": 1},
      {"engraving": " ","italics": false,"bold": true,"underline": false,"border": 1},
      {"engraving": " ","italics": false,"bold": true,"underline": false,"border": 1},
      {"engraving": " ","italics": false,"bold": true,"underline": false,"border": 1},
      {"engraving": " ","italics": false,"bold": true,"underline": false,"border": 1},
      {"engraving": " ","italics": false,"bold": true,"underline": false,"border": 1},
      {"engraving": " ","italics": false,"bold": true,"underline": false,"border": 1},
      {"engraving": " ","italics": false,"bold": true,"underline": false,"border": 1},
      {"engraving": " ","italics": false,"bold": true,"underline": false,"border": 1},
      {"engraving": " ","italics": false,"bold": true,"underline": false,"border": 1},
      {"engraving": " ","italics": false,"bold": true,"underline": false,"border": 1},
      {"engraving": " ","italics": false,"bold": true,"underline": false,"border": 1},
      {"engraving": " ","italics": false,"bold": true,"underline": false,"border": 1},
      {"engraving": " ","italics": false,"bold": true,"underline": false,"border": 1},
      {"engraving": " ","italics": false,"bold": true,"underline": false,"border": 3},
      {"engraving": " ","italics": false,"bold": true,"underline": false,"border": 35},
      {"engraving": " ","italics": false,"bold": true,"underline": false,"border": 15},
      {"engraving": " ","italics": false,"bold": true,"underline": false,"border": 35},
      {"engraving": " ","italics": false,"bold": true,"underline": false,"border": 5},
      {"engraving": " ","italics": false,"bold": true,"underline": false,"border": 5},
      {"engraving": " ","italics": false,"bold": true,"underline": false,"border": 15}
    ],
    [
      {"engraving": " ","italics": false,"bold": true,"underline": false,"border": 14},
      {"engraving": " ","italics": false,"bold": true,"underline": false,"border": 2},
      {"engraving": " ","italics": false,"bold": true,"underline": false,"border": 2},
      {"engraving": " ","italics": false,"bold": true,"underline": false,"border": 2},
      {"engraving": "P","italics": false,"bold": true,"underline": false,"border": 2},
      {"engraving": "N","italics": false,"bold": true,"underline": false,"border": 6},
      {"engraving": " ","italics": false,"bold": true,"underline": false,"border": 7},
      {"engraving": " ","italics": false,"bold": true,"underline": false,"border": 1},
      {"engraving": " ","italics": false,"bold": true,"underline": false,"border": 1},
      {"engraving": " ","italics": false,"bold": true,"underline": false,"border": 1},
      {"engraving": " ","italics": false,"bold": true,"underline": false,"border": 1},
      {"engraving": " ","italics": false,"bold": true,"underline": false,"border": 1},
      {"engraving": " ","italics": false,"bold": true,"underline": false,"border": 1},
      {"engraving": " ","italics": false,"bold": true,"underline": false,"border": 1},
      {"engraving": " ","italics": false,"bold": true,"underline": false,"border": 1},
      {"engraving": " ","italics": false,"bold": true,"underline": false,"border": 1},
      {"engraving": " ","italics": false,"bold": true,"underline": false,"border": 1},
      {"engraving": " ","italics": false,"bold": true,"underline": false,"border": 1},
      {"engraving": " ","italics": false,"bold": true,"underline": false,"border": 1},
      {"engraving": " ","italics": false,"bold": true,"underline": false,"border": 1},
      {"engraving": " ","italics": false,"bold": true,"underline": false,"border": 1},
      {"engraving": " ","italics": false,"bold": true,"underline": false,"border": 1},
      {"engraving": " ","italics": false,"bold": true,"underline": false,"border": 1},
      {"engraving": " ","italics": false,"bold": true,"underline": false,"border": 3},
      {"engraving": "S","italics": false,"bold": true,"underline": false,"border": 14},
      {"engraving": "L","italics": false,"bold": true,"underline": false,"border": 2},
      {"engraving": " ","italics": false,"bold": true,"underline": false,"border": 2},
      {"engraving": " ","italics": false,"bold": true,"underline": false,"border": 2},
      {"engraving": " ","italics": false,"bold": true,"underline": false,"border": 2},
      {"engraving": " ","italics": false,"bold": true,"underline": false,"border": 6}
    ],
    [
      {"engraving": " ","italics": false,"bold": true,"underline": false,"border": 35},
      {"engraving": " ","italics": false,"bold": true,"underline": false,"border": 5},
      {"engraving": " ","italics": false,"bold": true,"underline": false,"border": 5},
      {"engraving": " ","italics": false,"bold": true,"underline": false,"border": 5},
      {"engraving": "R","italics": false,"bold": true,"underline": false,"border": 5},
      {"engraving": "R","italics": false,"bold": true,"underline": false,"border": 15},
      {"engraving": " ","italics": false,"bold": true,"underline": false,"border": 7},
      {"engraving": " ","italics": false,"bold": true,"underline": false,"border": 1},
      {"engraving": " ","italics": false,"bold": true,"underline": false,"border": 1},
      {"engraving": " ","italics": false,"bold": true,"underline": false,"border": 1},
      {"engraving": " ","italics": false,"bold": true,"underline": false,"border": 1},
      {"engraving": " ","italics": false,"bold": true,"underline": false,"border": 1},
      {"engraving": " ","italics": false,"bold": true,"underline": false,"border": 1},
      {"engraving": " ","italics": false,"bold": true,"underline": false,"border": 1},
      {"engraving": " ","italics": false,"bold": true,"underline": false,"border": 1},
      {"engraving": " ","italics": false,"bold": true,"underline": false,"border": 1},
      {"engraving": " ","italics": false,"bold": true,"underline": false,"border": 1},
      {"engraving": " ","italics": false,"bold": true,"underline": false,"border": 1},
      {"engraving": " ","italics": false,"bold": true,"underline": false,"border": 1},
      {"engraving": " ","italics": false,"bold": true,"underline": false,"border": 1},
      {"engraving": " ","italics": false,"bold": true,"underline": false,"border": 1},
      {"engraving": " ","italics": false,"bold": true,"underline": false,"border": 1},
      {"engraving": " ","italics": false,"bold": true,"underline": false,"border": 1},
      {"engraving": " ","italics": false,"bold": true,"underline": false,"border": 3},
      {"engraving": " ","italics": false,"bold": true,"underline": false,"border": 35},
      {"engraving": " ","italics": false,"bold": true,"underline": false,"border": 5},
      {"engraving": " ","italics": false,"bold": true,"underline": false,"border": 5},
      {"engraving": " ","italics": false,"bold": true,"underline": false,"border": 5},
      {"engraving": " ","italics": false,"bold": true,"underline": false,"border": 5},
      {"engraving": " ","italics": false,"bold": true,"underline": false,"border": 15}
    ],
    [
      {"engraving": " ","italics": false,"bold": true,"underline": false,"border": 14},
      {"engraving": " ","italics": false,"bold": true,"underline": false,"border": 2},
      {"engraving": " ","italics": false,"bold": true,"underline": false,"border": 2},
      {"engraving": " ","italics": false,"bold": true,"underline": false,"border": 6},
      {"engraving": " ","italics": false,"bold": true,"underline": false,"border": 14},
      {"engraving": " ","italics": false,"bold": true,"underline": false,"border": 6},
      {"engraving": " ","italics": false,"bold": true,"underline": false,"border": 7},
      {"engraving": " ","italics": false,"bold": true,"underline": false,"border": 1},
      {"engraving": " ","italics": false,"bold": true,"underline": false,"border": 1},
      {"engraving": " ","italics": false,"bold": true,"underline": false,"border": 1},
      {"engraving": " ","italics": false,"bold": true,"underline": false,"border": 1},
      {"engraving": " ","italics": false,"bold": true,"underline": false,"border": 1},
      {"engraving": " ","italics": false,"bold": true,"underline": false,"border": 1},
      {"engraving": " ","italics": false,"bold": true,"underline": false,"border": 1},
      {"engraving": " ","italics": false,"bold": true,"underline": false,"border": 1},
      {"engraving": " ","italics": false,"bold": true,"underline": false,"border": 1},
      {"engraving": " ","italics": false,"bold": true,"underline": false,"border": 1},
      {"engraving": " ","italics": false,"bold": true,"underline": false,"border": 1},
      {"engraving": " ","italics": false,"bold": true,"underline": false,"border": 1},
      {"engraving": " ","italics": false,"bold": true,"underline": false,"border": 1},
      {"engraving": " ","italics": false,"bold": true,"underline": false,"border": 1},
      {"engraving": " ","italics": false,"bold": true,"underline": false,"border": 1},
      {"engraving": " ","italics": false,"bold": true,"underline": false,"border": 1},
      {"engraving": " ","italics": false,"bold": true,"underline": false,"border": 3},
      {"engraving": " ","italics": false,"bold": true,"underline": false,"border": 14},
      {"engraving": " ","italics": false,"bold": true,"underline": false,"border": 2},
      {"engraving": " ","italics": false,"bold": true,"underline": false,"border": 2},
      {"engraving": " ","italics": false,"bold": true,"underline": false,"border": 2},
      {"engraving": " ","italics": false,"bold": true,"underline": false,"border": 2},
      {"engraving": " ","italics": false,"bold": true,"underline": false,"border": 6}
    ],
    [
      {"engraving": " ","italics": false,"bold": true,"underline": false,"border": 35},
      {"engraving": " ","italics": false,"bold": true,"underline": false,"border": 5},
      {"engraving": " ","italics": false,"bold": true,"underline": false,"border": 5},
      {"engraving": " ","italics": false,"bold": true,"underline": false,"border": 15},
      {"engraving": " ","italics": false,"bold": true,"underline": false,"border": 35},
      {"engraving": " ","italics": false,"bold": true,"underline": false,"border": 15},
      {"engraving": " ","italics": false,"bold": true,"underline": false,"border": 7},
      {"engraving": " ","italics": false,"bold": true,"underline": false,"border": 1},
      {"engraving": " ","italics": false,"bold": true,"underline": false,"border": 1},
      {"engraving": " ","italics": false,"bold": true,"underline": false,"border": 1},
      {"engraving": " ","italics": false,"bold": true,"underline": false,"border": 1},
      {"engraving": " ","italics": false,"bold": true,"underline": false,"border": 1},
      {"engraving": " ","italics": false,"bold": true,"underline": false,"border": 1},
      {"engraving": " ","italics": false,"bold": true,"underline": false,"border": 1},
      {"engraving": " ","italics": false,"bold": true,"underline": false,"border": 1},
      {"engraving": " ","italics": false,"bold": true,"underline": false,"border": 1},
      {"engraving": " ","italics": false,"bold": true,"underline": false,"border": 1},
      {"engraving": " ","italics": false,"bold": true,"underline": false,"border": 1},
      {"engraving": " ","italics": false,"bold": true,"underline": false,"border": 1},
      {"engraving": " ","italics": false,"bold": true,"underline": false,"border": 1},
      {"engraving": " ","italics": false,"bold": true,"underline": false,"border": 1},
      {"engraving": " ","italics": false,"bold": true,"underline": false,"border": 1},
      {"engraving": " ","italics": false,"bold": true,"underline": false,"border": 1},
      {"engraving": " ","italics": false,"bold": true,"underline": false,"border": 3},
      {"engraving": " ","italics": false,"bold": true,"underline": false,"border": 35},
      {"engraving": " ","italics": false,"bold": true,"underline": false,"border": 5},
      {"engraving": " ","italics": false,"bold": true,"underline": false,"border": 5},
      {"engraving": " ","italics": false,"bold": true,"underline": false,"border": 5},
      {"engraving": " ","italics": false,"bold": true,"underline": false,"border": 5},
      {"engraving": " ","italics": false,"bold": true,"underline": false,"border": 15}
    ],
    [
      {"engraving": " ","italics": false,"bold": true,"underline": false,"border": 14},
      {"engraving": " ","italics": false,"bold": true,"underline": false,"border": 2},
      {"engraving": " ","italics": false,"bold": true,"underline": false,"border": 2},
      {"engraving": " ","italics": false,"bold": true,"underline": false,"border": 6},
      {"engraving": " ","italics": false,"bold": true,"underline": false,"border": 14},
      {"engraving": " ","italics": false,"bold": true,"underline": false,"border": 6},
      {"engraving": " ","italics": false,"bold": true,"underline": false,"border": 7},
      {"engraving": " ","italics": false,"bold": true,"underline": false,"border": 1},
      {"engraving": " ","italics": false,"bold": true,"underline": false,"border": 1},
      {"engraving": " ","italics": false,"bold": true,"underline": false,"border": 1},
      {"engraving": " ","italics": false,"bold": true,"underline": false,"border": 1},
      {"engraving": " ","italics": false,"bold": true,"underline": false,"border": 1},
      {"engraving": " ","italics": false,"bold": true,"underline": false,"border": 1},
      {"engraving": " ","italics": false,"bold": true,"underline": false,"border": 1},
      {"engraving": " ","italics": false,"bold": true,"underline": false,"border": 1},
      {"engraving": " ","italics": false,"bold": true,"underline": false,"border": 1},
      {"engraving": " ","italics": false,"bold": true,"underline": false,"border": 1},
      {"engraving": " ","italics": false,"bold": true,"underline": false,"border": 1},
      {"engraving": " ","italics": false,"bold": true,"underline": false,"border": 1},
      {"engraving": " ","italics": false,"bold": true,"underline": false,"border": 1},
      {"engraving": " ","italics": false,"bold": true,"underline": false,"border": 1},
      {"engraving": " ","italics": false,"bold": true,"underline": false,"border": 1},
      {"engraving": " ","italics": false,"bold": true,"underline": false,"border": 1},
      {"engraving": " ","italics": false,"bold": true,"underline": false,"border": 3},
      {"engraving": " ","italics": false,"bold": true,"underline": false,"border": 14},
      {"engraving": " ","italics": false,"bold": true,"underline": false,"border": 6},
      {"engraving": " ","italics": false,"bold": true,"underline": false,"border": 14},
      {"engraving": " ","italics": false,"bold": true,"underline": false,"border": 2},
      {"engraving": " ","italics": false,"bold": true,"underline": false,"border": 2},
      {"engraving": " ","italics": false,"bold": true,"underline": false,"border": 6}
    ],
    [
      {"engraving": " ","italics": false,"bold": true,"underline": false,"border": 35},
      {"engraving": " ","italics": false,"bold": true,"underline": false,"border": 5},
      {"engraving": " ","italics": false,"bold": true,"underline": false,"border": 5},
      {"engraving": " ","italics": false,"bold": true,"underline": false,"border": 15},
      {"engraving": " ","italics": false,"bold": true,"underline": false,"border": 35},
      {"engraving": " ","italics": false,"bold": true,"underline": false,"border": 15},
      {"engraving": " ","italics": false,"bold": true,"underline": false,"border": 7},
      {"engraving": " ","italics": false,"bold": true,"underline": false,"border": 1},
      {"engraving": " ","italics": false,"bold": true,"underline": false,"border": 1},
      {"engraving": " ","italics": false,"bold": true,"underline": false,"border": 1},
      {"engraving": " ","italics": false,"bold": true,"underline": false,"border": 1},
      {"engraving": " ","italics": false,"bold": true,"underline": false,"border": 1},
      {"engraving": " ","italics": false,"bold": true,"underline": false,"border": 1},
      {"engraving": " ","italics": false,"bold": true,"underline": false,"border": 1},
      {"engraving": " ","italics": false,"bold": true,"underline": false,"border": 1},
      {"engraving": " ","italics": false,"bold": true,"underline": false,"border": 1},
      {"engraving": " ","italics": false,"bold": true,"underline": false,"border": 1},
      {"engraving": " ","italics": false,"bold": true,"underline": false,"border": 1},
      {"engraving": " ","italics": false,"bold": true,"underline": false,"border": 1},
      {"engraving": " ","italics": false,"bold": true,"underline": false,"border": 1},
      {"engraving": " ","italics": false,"bold": true,"underline": false,"border": 1},
      {"engraving": " ","italics": false,"bold": true,"underline": false,"border": 1},
      {"engraving": " ","italics": false,"bold": true,"underline": false,"border": 1},
      {"engraving": " ","italics": false,"bold": true,"underline": false,"border": 3},
      {"engraving": " ","italics": false,"bold": true,"underline": false,"border": 35},
      {"engraving": " ","italics": false,"bold": true,"underline": false,"border": 15},
      {"engraving": " ","italics": false,"bold": true,"underline": false,"border": 35},
      {"engraving": " ","italics": false,"bold": true,"underline": false,"border": 5},
      {"engraving": " ","italics": false,"bold": true,"underline": false,"border": 5},
      {"engraving": " ","italics": false,"bold": true,"underline": false,"border": 15}
    ],
    [
      {"engraving": " ","italics": false,"bold": true,"underline": false,"border": 14},
      {"engraving": " ","italics": false,"bold": true,"underline": false,"border": 2},
      {"engraving": " ","italics": false,"bold": true,"underline": false,"border": 2},
      {"engraving": " ","italics": false,"bold": true,"underline": false,"border": 2},
      {"engraving": " ","italics": false,"bold": true,"underline": false,"border": 2},
      {"engraving": " ","italics": false,"bold": true,"underline": false,"border": 6},
      {"engraving": " ","italics": false,"bold": true,"underline": false,"border": 7},
      {"engraving": " ","italics": false,"bold": true,"underline": false,"border": 1},
      {"engraving": " ","italics": false,"bold": true,"underline": false,"border": 1},
      {"engraving": " ","italics": false,"bold": true,"underline": false,"border": 1},
      {"engraving": " ","italics": false,"bold": true,"underline": false,"border": 1},
      {"engraving": " ","italics": false,"bold": true,"underline": false,"border": 1},
      {"engraving": " ","italics": false,"bold": true,"underline": false,"border": 1},
      {"engraving": " ","italics": false,"bold": true,"underline": false,"border": 1},
      {"engraving": " ","italics": false,"bold": true,"underline": false,"border": 1},
      {"engraving": " ","italics": false,"bold": true,"underline": false,"border": 1},
      {"engraving": " ","italics": false,"bold": true,"underline": false,"border": 1},
      {"engraving": " ","italics": false,"bold": true,"underline": false,"border": 1},
      {"engraving": " ","italics": false,"bold": true,"underline": false,"border": 1},
      {"engraving": " ","italics": false,"bold": true,"underline": false,"border": 1},
      {"engraving": " ","italics": false,"bold": true,"underline": false,"border": 1},
      {"engraving": " ","italics": false,"bold": true,"underline": false,"border": 1},
      {"engraving": " ","italics": false,"bold": true,"underline": false,"border": 1},
      {"engraving": " ","italics": false,"bold": true,"underline": false,"border": 3},
      {"engraving": "L","italics": false,"bold": true,"underline": false,"border": 14},
      {"engraving": "X","italics": false,"bold": true,"underline": false,"border": 2},
      {"engraving": " ","italics": false,"bold": true,"underline": false,"border": 2},
      {"engraving": " ","italics": false,"bold": true,"underline": false,"border": 2},
      {"engraving": " ","italics": false,"bold": true,"underline": false,"border": 2},
      {"engraving": " ","italics": false,"bold": true,"underline": false,"border": 6}
    ],
    [
      {"engraving": " ","italics": false,"bold": true,"underline": false,"border": 35},
      {"engraving": " ","italics": false,"bold": true,"underline": false,"border": 5},
      {"engraving": " ","italics": false,"bold": true,"underline": false,"border": 5},
      {"engraving": " ","italics": false,"bold": true,"underline": false,"border": 5},
      {"engraving": " ","italics": false,"bold": true,"underline": false,"border": 5},
      {"engraving": " ","italics": false,"bold": true,"underline": false,"border": 15},
      {"engraving": " ","italics": false,"bold": true,"underline": false,"border": 7},
      {"engraving": " ","italics": false,"bold": true,"underline": false,"border": 1},
      {"engraving": " ","italics": false,"bold": true,"underline": false,"border": 1},
      {"engraving": " ","italics": false,"bold": true,"underline": false,"border": 1},
      {"engraving": " ","italics": false,"bold": true,"underline": false,"border": 1},
      {"engraving": " ","italics": false,"bold": true,"underline": false,"border": 1},
      {"engraving": " ","italics": false,"bold": true,"underline": false,"border": 1},
      {"engraving": " ","italics": false,"bold": true,"underline": false,"border": 1},
      {"engraving": " ","italics": false,"bold": true,"underline": false,"border": 1},
      {"engraving": " ","italics": false,"bold": true,"underline": false,"border": 1},
      {"engraving": " ","italics": false,"bold": true,"underline": false,"border": 1},
      {"engraving": " ","italics": false,"bold": true,"underline": false,"border": 1},
      {"engraving": " ","italics": false,"bold": true,"underline": false,"border": 1},
      {"engraving": " ","italics": false,"bold": true,"underline": false,"border": 1},
      {"engraving": " ","italics": false,"bold": true,"underline": false,"border": 1},
      {"engraving": " ","italics": false,"bold": true,"underline": false,"border": 1},
      {"engraving": " ","italics": false,"bold": true,"underline": false,"border": 1},
      {"engraving": " ","italics": false,"bold": true,"underline": false,"border": 3},
      {"engraving": "T","italics": false,"bold": true,"underline": false,"border": 35},
      {"engraving": "X","italics": false,"bold": true,"underline": false,"border": 5},
      {"engraving": " ","italics": false,"bold": true,"underline": false,"border": 5},
      {"engraving": " ","italics": false,"bold": true,"underline": false,"border": 5},
      {"engraving": " ","italics": false,"bold": true,"underline": false,"border": 5},
      {"engraving": " ","italics": false,"bold": true,"underline": false,"border": 15}
    ],
    [
      {"engraving": " ","italics": false,"bold": true,"underline": false,"border": 14},
      {"engraving": " ","italics": false,"bold": true,"underline": false,"border": 2},
      {"engraving": " ","italics": false,"bold": true,"underline": false,"border": 2},
      {"engraving": " ","italics": false,"bold": true,"underline": false,"border": 6},
      {"engraving": " ","italics": false,"bold": true,"underline": false,"border": 14},
      {"engraving": " ","italics": false,"bold": true,"underline": false,"border": 6},
      {"engraving": " ","italics": false,"bold": true,"underline": false,"border": 7},
      {"engraving": " ","italics": false,"bold": true,"underline": false,"border": 1},
      {"engraving": " ","italics": false,"bold": true,"underline": false,"border": 1},
      {"engraving": " ","italics": false,"bold": true,"underline": false,"border": 1},
      {"engraving": " ","italics": false,"bold": true,"underline": false,"border": 1},
      {"engraving": " ","italics": false,"bold": true,"underline": false,"border": 1},
      {"engraving": " ","italics": false,"bold": true,"underline": false,"border": 1},
      {"engraving": " ","italics": false,"bold": true,"underline": false,"border": 1},
      {"engraving": " ","italics": false,"bold": true,"underline": false,"border": 1},
      {"engraving": " ","italics": false,"bold": true,"underline": false,"border": 1},
      {"engraving": " ","italics": false,"bold": true,"underline": false,"border": 1},
      {"engraving": " ","italics": false,"bold": true,"underline": false,"border": 1},
      {"engraving": " ","italics": false,"bold": true,"underline": false,"border": 1},
      {"engraving": " ","italics": false,"bold": true,"underline": false,"border": 1},
      {"engraving": " ","italics": false,"bold": true,"underline": false,"border": 1},
      {"engraving": " ","italics": false,"bold": true,"underline": false,"border": 1},
      {"engraving": " ","italics": false,"bold": true,"underline": false,"border": 1},
      {"engraving": " ","italics": false,"bold": true,"underline": false,"border": 3},
      {"engraving": " ","italics": false,"bold": true,"underline": false,"border": 14},
      {"engraving": " ","italics": false,"bold": true,"underline": false,"border": 6},
      {"engraving": " ","italics": false,"bold": true,"underline": false,"border": 14},
      {"engraving": " ","italics": false,"bold": true,"underline": false,"border": 2},
      {"engraving": " ","italics": false,"bold": true,"underline": false,"border": 2},
      {"engraving": " ","italics": false,"bold": true,"underline": false,"border": 6}
    ],
    [
      {"engraving": " ","italics": false,"bold": true,"underline": false,"border": 35},
      {"engraving": " ","italics": false,"bold": true,"underline": false,"border": 5},
      {"engraving": " ","italics": false,"bold": true,"underline": false,"border": 5},
      {"engraving": " ","italics": false,"bold": true,"underline": false,"border": 15},
      {"engraving": " ","italics": false,"bold": true,"underline": false,"border": 35},
      {"engraving": " ","italics": false,"bold": true,"underline": false,"border": 15},
      {"engraving": " ","italics": false,"bold": true,"underline": false,"border": 35},
      {"engraving": " ","italics": false,"bold": true,"underline": false,"border": 5},
      {"engraving": " ","italics": false,"bold": true,"underline": false,"border": 5},
      {"engraving": " ","italics": false,"bold": true,"underline": false,"border": 5},
      {"engraving": " ","italics": false,"bold": true,"underline": false,"border": 5},
      {"engraving": " ","italics": false,"bold": true,"underline": false,"border": 5},
      {"engraving": " ","italics": false,"bold": true,"underline": false,"border": 5},
      {"engraving": " ","italics": false,"bold": true,"underline": false,"border": 5},
      {"engraving": " ","italics": false,"bold": true,"underline": false,"border": 5},
      {"engraving": " ","italics": false,"bold": true,"underline": false,"border": 5},
      {"engraving": " ","italics": false,"bold": true,"underline": false,"border": 5},
      {"engraving": " ","italics": false,"bold": true,"underline": false,"border": 5},
      {"engraving": " ","italics": false,"bold": true,"underline": false,"border": 5},
      {"engraving": " ","italics": false,"bold": true,"underline": false,"border": 5},
      {"engraving": " ","italics": false,"bold": true,"underline": false,"border": 5},
      {"engraving": " ","italics": false,"bold": true,"underline": false,"border": 5},
      {"engraving": " ","italics": false,"bold": true,"underline": false,"border": 5},
      {"engraving": " ","italics": false,"bold": true,"underline": false,"border": 15},
      {"engraving": " ","italics": false,"bold": true,"underline": false,"border": 35},
      {"engraving": " ","italics": false,"bold": true,"underline": false,"border": 15},
      {"engraving": " ","italics": false,"bold": true,"underline": false,"border": 35},
      {"engraving": " ","italics": false,"bold": true,"underline": false,"border": 5},
      {"engraving": " ","italics": false,"bold": true,"underline": false,"border": 5},
      {"engraving": " ","italics": false,"bold": true,"underline": false,"border": 15}
    ],
    [
      {"engraving": " ","italics": false,"bold": true,"underline": false,"border": 14},
      {"engraving": " ","italics": false,"bold": true,"underline": false,"border": 2},
      {"engraving": " ","italics": false,"bold": true,"underline": false,"border": 2},
      {"engraving": " ","italics": false,"bold": true,"underline": false,"border": 2},
      {"engraving": " ","italics": false,"bold": true,"underline": false,"border": 2},
      {"engraving": " ","italics": false,"bold": true,"underline": false,"border": 6},
      {"engraving": " ","italics": false,"bold": true,"underline": false,"border": 14},
      {"engraving": " ","italics": false,"bold": true,"underline": false,"border": 6},
      {"engraving": " ","italics": false,"bold": true,"underline": false,"border": 14},
      {"engraving": " ","italics": false,"bold": true,"underline": false,"border": 6},
      {"engraving": " ","italics": false,"bold": true,"underline": false,"border": 14},
      {"engraving": " ","italics": false,"bold": true,"underline": false,"border": 6},
      {"engraving": " ","italics": false,"bold": true,"underline": false,"border": 14},
      {"engraving": " ","italics": false,"bold": true,"underline": false,"border": 6},
      {"engraving": "R","italics": false,"bold": true,"underline": false,"border": 14},
      {"engraving": "E","italics": false,"bold": true,"underline": false,"border": 6},
      {"engraving": "I","italics": false,"bold": true,"underline": false,"border": 14},
      {"engraving": "C","italics": false,"bold": true,"underline": false,"border": 6},
      {"engraving": " ","italics": false,"bold": true,"underline": false,"border": 14},
      {"engraving": " ","italics": false,"bold": true,"underline": false,"border": 6},
      {"engraving": " ","italics": false,"bold": true,"underline": false,"border": 14},
      {"engraving": " ","italics": false,"bold": true,"underline": false,"border": 6},
      {"engraving": " ","italics": false,"bold": true,"underline": false,"border": 14},
      {"engraving": " ","italics": false,"bold": true,"underline": false,"border": 6},
      {"engraving": " ","italics": false,"bold": true,"underline": false,"border": 14},
      {"engraving": " ","italics": false,"bold": true,"underline": false,"border": 2},
      {"engraving": " ","italics": false,"bold": true,"underline": false,"border": 2},
      {"engraving": " ","italics": false,"bold": true,"underline": false,"border": 2},
      {"engraving": " ","italics": false,"bold": true,"underline": false,"border": 2},
      {"engraving": " ","italics": false,"bold": true,"underline": false,"border": 6}
    ],
    [
      {"engraving": " ","italics": false,"bold": true,"underline": false,"border": 7},
      {"engraving": " ","italics": false,"bold": true,"underline": false,"border": 1},
      {"engraving": " ","italics": false,"bold": true,"underline": false,"border": 1},
      {"engraving": " ","italics": false,"bold": true,"underline": false,"border": 1},
      {"engraving": " ","italics": false,"bold": true,"underline": false,"border": 1},
      {"engraving": " ","italics": false,"bold": true,"underline": false,"border": 3},
      {"engraving": " ","italics": false,"bold": true,"underline": false,"border": 35},
      {"engraving": " ","italics": false,"bold": true,"underline": false,"border": 15},
      {"engraving": " ","italics": false,"bold": true,"underline": false,"border": 35},
      {"engraving": " ","italics": false,"bold": true,"underline": false,"border": 15},
      {"engraving": " ","italics": false,"bold": true,"underline": false,"border": 7},
      {"engraving": " ","italics": false,"bold": true,"underline": false,"border": 3},
      {"engraving": " ","italics": false,"bold": true,"underline": false,"border": 35},
      {"engraving": " ","italics": false,"bold": true,"underline": false,"border": 15},
      {"engraving": "R","italics": false,"bold": true,"underline": false,"border": 7},
      {"engraving": "R","italics": false,"bold": true,"underline": false,"border": 3},
      {"engraving": "T","italics": false,"bold": true,"underline": false,"border": 7},
      {"engraving": "X","italics": false,"bold": true,"underline": false,"border": 3},
      {"engraving": " ","italics": false,"bold": true,"underline": false,"border": 35},
      {"engraving": " ","italics": false,"bold": true,"underline": false,"border": 15},
      {"engraving": " ","italics": false,"bold": true,"underline": false,"border": 7},
      {"engraving": " ","italics": false,"bold": true,"underline": false,"border": 3},
      {"engraving": " ","italics": false,"bold": true,"underline": false,"border": 35},
      {"engraving": " ","italics": false,"bold": true,"underline": false,"border": 15},
      {"engraving": " ","italics": false,"bold": true,"underline": false,"border": 7},
      {"engraving": " ","italics": false,"bold": true,"underline": false,"border": 1},
      {"engraving": " ","italics": false,"bold": true,"underline": false,"border": 1},
      {"engraving": " ","italics": false,"bold": true,"underline": false,"border": 1},
      {"engraving": " ","italics": false,"bold": true,"underline": false,"border": 1},
      {"engraving": " ","italics": false,"bold": true,"underline": false,"border": 3}
    ],
    [
      {"engraving": " ","italics": false,"bold": true,"underline": false,"border": 7},
      {"engraving": " ","italics": false,"bold": true,"underline": false,"border": 1},
      {"engraving": " ","italics": false,"bold": true,"underline": false,"border": 1},
      {"engraving": " ","italics": false,"bold": true,"underline": false,"border": 1},
      {"engraving": " ","italics": false,"bold": true,"underline": false,"border": 1},
      {"engraving": " ","italics": false,"bold": true,"underline": false,"border": 3},
      {"engraving": " ","italics": false,"bold": true,"underline": false,"border": 14},
      {"engraving": " ","italics": false,"bold": true,"underline": false,"border": 6},
      {"engraving": " ","italics": false,"bold": true,"underline": false,"border": 14},
      {"engraving": " ","italics": false,"bold": true,"underline": false,"border": 6},
      {"engraving": " ","italics": false,"bold": true,"underline": false,"border": 7},
      {"engraving": " ","italics": false,"bold": true,"underline": false,"border": 3},
      {"engraving": " ","italics": false,"bold": true,"underline": false,"border": 14},
      {"engraving": " ","italics": false,"bold": true,"underline": false,"border": 6},
      {"engraving": " ","italics": false,"bold": true,"underline": false,"border": 7},
      {"engraving": " ","italics": false,"bold": true,"underline": false,"border": 3},
      {"engraving": " ","italics": false,"bold": true,"underline": false,"border": 7},
      {"engraving": " ","italics": false,"bold": true,"underline": false,"border": 3},
      {"engraving": " ","italics": false,"bold": true,"underline": false,"border": 14},
      {"engraving": " ","italics": false,"bold": true,"underline": false,"border": 6},
      {"engraving": " ","italics": false,"bold": true,"underline": false,"border": 7},
      {"engraving": " ","italics": false,"bold": true,"underline": false,"border": 3},
      {"engraving": " ","italics": false,"bold": true,"underline": false,"border": 14},
      {"engraving": " ","italics": false,"bold": true,"underline": false,"border": 6},
      {"engraving": " ","italics": false,"bold": true,"underline": false,"border": 7},
      {"engraving": " ","italics": false,"bold": true,"underline": false,"border": 1},
      {"engraving": " ","italics": false,"bold": true,"underline": false,"border": 1},
      {"engraving": " ","italics": false,"bold": true,"underline": false,"border": 1},
      {"engraving": " ","italics": false,"bold": true,"underline": false,"border": 1},
      {"engraving": " ","italics": false,"bold": true,"underline": false,"border": 3}
    ],
    [
      {"engraving": " ","italics": false,"bold": true,"underline": false,"border": 7},
      {"engraving": " ","italics": false,"bold": true,"underline": false,"border": 1},
      {"engraving": " ","italics": false,"bold": true,"underline": false,"border": 1},
      {"engraving": " ","italics": false,"bold": true,"underline": false,"border": 1},
      {"engraving": " ","italics": false,"bold": true,"underline": false,"border": 1},
      {"engraving": " ","italics": false,"bold": true,"underline": false,"border": 3},
      {"engraving": " ","italics": false,"bold": true,"underline": false,"border": 7},
      {"engraving": " ","italics": false,"bold": true,"underline": false,"border": 3},
      {"engraving": " ","italics": false,"bold": true,"underline": false,"border": 7},
      {"engraving": " ","italics": false,"bold": true,"underline": false,"border": 3},
      {"engraving": " ","italics": false,"bold": true,"underline": false,"border": 7},
      {"engraving": " ","italics": false,"bold": true,"underline": false,"border": 3},
      {"engraving": " ","italics": false,"bold": true,"underline": false,"border": 7},
      {"engraving": " ","italics": false,"bold": true,"underline": false,"border": 3},
      {"engraving": " ","italics": false,"bold": true,"underline": false,"border": 7},
      {"engraving": " ","italics": false,"bold": true,"underline": false,"border": 3},
      {"engraving": " ","italics": false,"bold": true,"underline": false,"border": 7},
      {"engraving": " ","italics": false,"bold": true,"underline": false,"border": 3},
      {"engraving": " ","italics": false,"bold": true,"underline": false,"border": 7},
      {"engraving": " ","italics": false,"bold": true,"underline": false,"border": 3},
      {"engraving": " ","italics": false,"bold": true,"underline": false,"border": 7},
      {"engraving": " ","italics": false,"bold": true,"underline": false,"border": 3},
      {"engraving": " ","italics": false,"bold": true,"underline": false,"border": 7},
      {"engraving": " ","italics": false,"bold": true,"underline": false,"border": 3},
      {"engraving": " ","italics": false,"bold": true,"underline": false,"border": 7},
      {"engraving": " ","italics": false,"bold": true,"underline": false,"border": 1},
      {"engraving": "G","italics": false,"bold": true,"underline": false,"border": 1},
      {"engraving": "O","italics": false,"bold": true,"underline": false,"border": 1},
      {"engraving": " ","italics": false,"bold": true,"underline": false,"border": 1},
      {"engraving": " ","italics": false,"bold": true,"underline": false,"border": 3}
    ],
    [
      {"engraving": " ","italics": false,"bold": true,"underline": false,"border": 7},
      {"engraving": " ","italics": false,"bold": true,"underline": false,"border": 1},
      {"engraving": " ","italics": false,"bold": true,"underline": false,"border": 1},
      {"engraving": " ","italics": false,"bold": true,"underline": false,"border": 1},
      {"engraving": " ","italics": false,"bold": true,"underline": false,"border": 1},
      {"engraving": " ","italics": false,"bold": true,"underline": false,"border": 3},
      {"engraving": " ","italics": false,"bold": true,"underline": false,"border": 7},
      {"engraving": " ","italics": false,"bold": true,"underline": false,"border": 3},
      {"engraving": " ","italics": false,"bold": true,"underline": false,"border": 7},
      {"engraving": " ","italics": false,"bold": true,"underline": false,"border": 3},
      {"engraving": " ","italics": false,"bold": true,"underline": false,"border": 7},
      {"engraving": " ","italics": false,"bold": true,"underline": false,"border": 3},
      {"engraving": " ","italics": false,"bold": true,"underline": false,"border": 7},
      {"engraving": " ","italics": false,"bold": true,"underline": false,"border": 3},
      {"engraving": " ","italics": false,"bold": true,"underline": false,"border": 7},
      {"engraving": " ","italics": false,"bold": true,"underline": false,"border": 3},
      {"engraving": " ","italics": false,"bold": true,"underline": false,"border": 7},
      {"engraving": " ","italics": false,"bold": true,"underline": false,"border": 3},
      {"engraving": " ","italics": false,"bold": true,"underline": false,"border": 7},
      {"engraving": " ","italics": false,"bold": true,"underline": false,"border": 3},
      {"engraving": " ","italics": false,"bold": true,"underline": false,"border": 7},
      {"engraving": " ","italics": false,"bold": true,"underline": false,"border": 3},
      {"engraving": " ","italics": false,"bold": true,"underline": false,"border": 7},
      {"engraving": " ","italics": false,"bold": true,"underline": false,"border": 3},
      {"engraving": " ","italics": false,"bold": true,"underline": false,"border": 7},
      {"engraving": " ","italics": false,"bold": true,"underline": false,"border": 1},
      {"engraving": " ","italics": false,"bold": true,"underline": false,"border": 1},
      {"engraving": " ","italics": false,"bold": true,"underline": false,"border": 1},
      {"engraving": " ","italics": false,"bold": true,"underline": false,"border": 1},
      {"engraving": " ","italics": false,"bold": true,"underline": false,"border": 3}
    ],
    [
      {"engraving": " ","italics": false,"bold": true,"underline": false,"border": 35},
      {"engraving": " ","italics": false,"bold": true,"underline": false,"border": 5},
      {"engraving": " ","italics": false,"bold": true,"underline": false,"border": 5},
      {"engraving": " ","italics": false,"bold": true,"underline": false,"border": 5},
      {"engraving": " ","italics": false,"bold": true,"underline": false,"border": 5},
      {"engraving": " ","italics": false,"bold": true,"underline": false,"border": 15},
      {"engraving": " ","italics": false,"bold": true,"underline": false,"border": 35},
      {"engraving": " ","italics": false,"bold": true,"underline": false,"border": 15},
      {"engraving": " ","italics": false,"bold": true,"underline": false,"border": 35},
      {"engraving": " ","italics": false,"bold": true,"underline": false,"border": 15},
      {"engraving": " ","italics": false,"bold": true,"underline": false,"border": 35},
      {"engraving": " ","italics": false,"bold": true,"underline": false,"border": 15},
      {"engraving": " ","italics": false,"bold": true,"underline": false,"border": 35},
      {"engraving": " ","italics": false,"bold": true,"underline": false,"border": 15},
      {"engraving": " ","italics": false,"bold": true,"underline": false,"border": 35},
      {"engraving": " ","italics": false,"bold": true,"underline": false,"border": 15},
      {"engraving": " ","italics": false,"bold": true,"underline": false,"border": 35},
      {"engraving": " ","italics": false,"bold": true,"underline": false,"border": 15},
      {"engraving": " ","italics": false,"bold": true,"underline": false,"border": 35},
      {"engraving": " ","italics": false,"bold": true,"underline": false,"border": 15},
      {"engraving": " ","italics": false,"bold": true,"underline": false,"border": 35},
      {"engraving": " ","italics": false,"bold": true,"underline": false,"border": 15},
      {"engraving": " ","italics": false,"bold": true,"underline": false,"border": 35},
      {"engraving": " ","italics": false,"bold": true,"underline": false,"border": 15},
      {"engraving": " ","italics": false,"bold": true,"underline": false,"border": 35},
      {"engraving": " ","italics": false,"bold": true,"underline": false,"border": 5},
      {"engraving": " ","italics": false,"bold": true,"underline": false,"border": 5},
      {"engraving": " ","italics": false,"bold": true,"underline": false,"border": 5},
      {"engraving": " ","italics": false,"bold": true,"underline": false,"border": 5},
      {"engraving": " ","italics": false,"bold": true,"underline": false,"border": 15}
    ]
  ]
}