[
  {
    "text": "\u003chtml\u003eChance Card:\u003cbr\u003eAdvance to Go!\u003cbr\u003e(Collect $200)\u003c/html\u003e",
    "moneyEarned": 200,
    "globalFunds": false,
    "baseMovement": 0,
    "getOutOfJail": false,
    "goToJail": false,
    "findNearest": "",
    "findThis": "go",
    "propRenovation": false,
    "houseCost": 0,
    "hotelCost": 0
  },
  {
    "text": "\u003chtml\u003eChance Card:\u003cbr\u003eAdvance to Illinois Ave.!\u003cbr\u003e(If you ass Go, collect $200)\u003c/html\u003e",
    "moneyEarned": 0,
    "globalFunds": false,
    "baseMovement": 0,
    "getOutOfJail": false,
    "goToJail": false,
    "findNearest": "",
    "findThis": "Illinois Ave.",
    "propRenovation": false,
    "houseCost": 0,
    "hotelCost": 0
  },
  {
    "text": "\u003chtml\u003eChance Card:\u003cbr\u003eAdvance token to the nearest Utility - If unowned, you may buy it from the bank.\u003cbr\u003eIf owned, throw the dice and pay the owner ten times the amount thrown\u003c/html\u003e",
    "moneyEarned": 0,
    "globalFunds": false,
    "baseMovement": 0,
    "getOutOfJail": false,
    "goToJail": false,
    "findNearest": "utility",
    "findThis": "",
    "propRenovation": false,
    "houseCost": 0,
    "hotelCost": 0
  },
  {
    "text": "\u003chtml\u003eChance Card:\u003cbr\u003eBank pays you dividends of $50\u003c/html\u003e",
    "moneyEarned": 50,
    "globalFunds": false,
    "baseMovement": 0,
    "getOutOfJail": false,
    "goToJail": false,
    "findNearest": "",
    "findThis": "",
    "propRenovation": false,
    "houseCost": 0,
    "hotelCost": 0
  },
  {
    "text": "\u003chtml\u003eChance Card:\u003cbr\u003eGet out of jail free!\u003cbr\u003e(This card may be kept until needed, or traded/sold)\u003c/html\u003e",
    "moneyEarned": 0,
    "globalFunds": false,
    "baseMovement": 0,
    "getOutOfJail": true,
    "goToJail": false,
    "findNearest": "",
    "findThis": "",
    "propRenovation": false,
    "houseCost": 0,
    "hotelCost": 0
  },
  {
    "text": "\u003chtml\u003eChance Card:\u003cbr\u003eGo back 3 spaces\u003c/html\u003e",
    "moneyEarned": 0,
    "globalFunds": false,
    "baseMovement": -3,
    "getOutOfJail": false,
    "goToJail": false,
    "findNearest": "",
    "findThis": "",
    "propRenovation": false,
    "houseCost": 0,
    "hotelCost": 0
  },
  {
    "text": "\u003chtml\u003eChance Card:\u003cbr\u003eGo directly to jail.\u003cbr\u003eDo not pass go, do not collect $200\u003c/html\u003e",
    "moneyEarned": 0,
    "globalFunds": false,
    "baseMovement": 0,
    "getOutOfJail": false,
    "goToJail": true,
    "findNearest": "",
    "findThis": "",
    "propRenovation": false,
    "houseCost": 0,
    "hotelCost": 0
  },
  {
    "text": "\u003chtml\u003eChance Card:\u003cbr\u003eMake general repairs on all your property- For each house pay $25\u003cbr\u003eFor each hotel pay $100\u003c/html\u003e",
    "moneyEarned": 0,
    "globalFunds": false,
    "baseMovement": 0,
    "getOutOfJail": false,
    "goToJail": false,
    "findNearest": "",
    "findThis": "",
    "propRenovation": true,
    "houseCost": 25,
    "hotelCost": 100
  },
  {
    "text": "\u003chtml\u003eChance Card:\u003cbr\u003ePay poor tax of $15\u003c/html\u003e",
    "moneyEarned": -15,
    "globalFunds": false,
    "baseMovement": 0,
    "getOutOfJail": false,
    "goToJail": false,
    "findNearest": "",
    "findThis": "",
    "propRenovation": false,
    "houseCost": 0,
    "hotelCost": 0
  },
  {
    "text": "\u003chtml\u003eChance Card:\u003cbr\u003eTake a trip to Reading Railraod\u003c/html\u003e",
    "moneyEarned": 0,
    "globalFunds": false,
    "baseMovement": 0,
    "getOutOfJail": false,
    "goToJail": false,
    "findNearest": "",
    "findThis": "Reading Railroad",
    "propRenovation": false,
    "houseCost": 0,
    "hotelCost": 0
  },
  {
    "text": "\u003chtml\u003eChance Card:\u003cbr\u003eAdvance token to Boardwalk\u003c/html\u003e",
    "moneyEarned": 0,
    "globalFunds": false,
    "baseMovement": 0,
    "getOutOfJail": false,
    "goToJail": false,
    "findNearest": "",
    "findThis": "Board Walk",
    "propRenovation": false,
    "houseCost": 0,
    "hotelCost": 0
  },
  {
    "text": "\u003chtml\u003eChance Card:\u003cbr\u003eYou have been elected Chairman\u003cbr\u003eof the Board, Pay each player $50\u003c/html\u003e",
    "moneyEarned": -50,
    "globalFunds": true,
    "baseMovement": 0,
    "getOutOfJail": false,
    "goToJail": false,
    "findNearest": "",
    "findThis": "",
    "propRenovation": false,
    "houseCost": 0,
    "hotelCost": 0
  },
  {
    "text": "\u003chtml\u003eChance Card:\u003cbr\u003eYou building and loan matures\u003cbr\u003eCollect $150\u003c/html\u003e",
    "moneyEarned": 150,
    "globalFunds": false,
    "baseMovement": 0,
    "getOutOfJail": false,
    "goToJail": false,
    "findNearest": "",
    "findThis": "",
    "propRenovation": false,
    "houseCost": 0,
    "hotelCost": 0
  }
]