{
  "colors": {
    "Indiana Ave.": {
      "rent": [
        18,
        90,
        250,
        700,
        875,
        1050,
        110,
        150
      ],
      "grade": 0,
      "name": "Indiana Ave.",
      "position": 23,
      "price": 220,
      "owner": "",
      "mBool": false
    },
    "St. Charles Place": {
      "rent": [
        10,
        50,
        150,
        450,
        625,
        750,
        70,
        100
      ],
      "grade": 0,
      "name": "St. Charles Place",
      "position": 11,
      "price": 140,
      "owner": "",
      "mBool": false
    },
    "New York Ave.": {
      "rent": [
        16,
        80,
        220,
        600,
        800,
        1000,
        100,
        100
      ],
      "grade": 0,
      "name": "New York Ave.",
      "position": 19,
      "price": 200,
      "owner": "",
      "mBool": false
    },
    "States Ave.": {
      "rent": [
        10,
        50,
        150,
        450,
        625,
        750,
        70,
        100
      ],
      "grade": 0,
      "name": "States Ave.",
      "position": 13,
      "price": 140,
      "owner": "",
      "mBool": false
    },
    "Oriental Ave.": {
      "rent": [
        6,
        30,
        90,
        270,
        400,
        550,
        50,
        50
      ],
      "grade": 0,
      "name": "Oriental Ave.",
      "position": 6,
      "price": 100,
      "owner": "",
      "mBool": false
    },
    "North Carolina Ave.": {
      "rent": [
        26,
        130,
        390,
        900,
        1100,
        1275,
        150,
        200
      ],
      "grade": 0,
      "name": "North Carolina Ave.",
      "position": 32,
      "price": 300,
      "owner": "",
      "mBool": false
    },
    "Park Place": {
      "rent": [
        35,
        175,
        500,
        1100,
        1300,
        1500,
        175,
        200
      ],
      "grade": 0,
      "name": "Park Place",
      "position": 37,
      "price": 350,
      "owner": "",
      "mBool": false
    },
    "Board Walk": {
      "rent": [
        50,
        200,
        600,
        1400,
        1700,
        2000,
        200,
        200
      ],
      "grade": 0,
      "name": "Board Walk",
      "position": 39,
      "price": 400,
      "owner": "",
      "mBool": false
    },
    "Tennessee Ave.": {
      "rent": [
        14,
        70,
        200,
        550,
        750,
        950,
        90,
        100
      ],
      "grade": 0,
      "name": "Tennessee Ave.",
      "position": 18,
      "price": 180,
      "owner": "",
      "mBool": false
    },
    "Baltic Ave.": {
      "rent": [
        4,
        20,
        60,
        180,
        320,
        450,
        30,
        30
      ],
      "grade": 0,
      "name": "Baltic Ave.",
      "position": 3,
      "price": 60,
      "owner": "",
      "mBool": false
    },
    "Mediterranean Ave.": {
      "rent": [
        2,
        10,
        30,
        90,
        160,
        250,
        30,
        30
      ],
      "grade": 0,
      "name": "Mediterranean Ave.",
      "position": 1,
      "price": 60,
      "owner": "",
      "mBool": false
    },
    "Pacific Ave.": {
      "rent": [
        26,
        130,
        390,
        900,
        1100,
        1275,
        150,
        200
      ],
      "grade": 0,
      "name": "Pacific Ave.",
      "position": 31,
      "price": 300,
      "owner": "",
      "mBool": false
    },
    "Connecticut Ave.": {
      "rent": [
        8,
        40,
        100,
        300,
        450,
        600,
        50,
        50
      ],
      "grade": 0,
      "name": "Connecticut Ave.",
      "position": 9,
      "price": 120,
      "owner": "",
      "mBool": false
    },
    "Pennsylvania Ave.": {
      "rent": [
        28,
        150,
        450,
        1000,
        1200,
        1400,
        160,
        200
      ],
      "grade": 0,
      "name": "Pennsylvania Ave.",
      "position": 34,
      "price": 320,
      "owner": "",
      "mBool": false
    },
    "Illinois Ave.": {
      "rent": [
        20,
        100,
        300,
        750,
        925,
        1100,
        120,
        150
      ],
      "grade": 0,
      "name": "Illinois Ave.",
      "position": 24,
      "price": 240,
      "owner": "",
      "mBool": false
    },
    "Kentucky Ave.": {
      "rent": [
        18,
        90,
        250,
        700,
        875,
        1050,
        110,
        150
      ],
      "grade": 0,
      "name": "Kentucky Ave.",
      "position": 21,
      "price": 220,
      "owner": "",
      "mBool": false
    },
    "St. James Place": {
      "rent": [
        14,
        70,
        200,
        550,
        750,
        950,
        90,
        100
      ],
      "grade": 0,
      "name": "St. James Place",
      "position": 16,
      "price": 180,
      "owner": "",
      "mBool": false
    },
    "Atlantic Ave.": {
      "rent": [
        22,
        110,
        330,
        800,
        975,
        1150,
        130,
        150
      ],
      "grade": 0,
      "name": "Atlantic Ave.",
      "position": 26,
      "price": 260,
      "owner": "",
      "mBool": false
    },
    "Virginia Ave.": {
      "rent": [
        12,
        60,
        180,
        500,
        700,
        900,
        80,
        100
      ],
      "grade": 0,
      "name": "Virginia Ave.",
      "position": 14,
      "price": 60,
      "owner": "",
      "mBool": false
    },
    "Vermont Ave.": {
      "rent": [
        6,
        30,
        90,
        270,
        400,
        550,
        50,
        50
      ],
      "grade": 0,
      "name": "Vermont Ave.",
      "position": 8,
      "price": 100,
      "owner": "",
      "mBool": false
    },
    "Marvin Gardens": {
      "rent": [
        24,
        120,
        360,
        850,
        1025,
        1200,
        140,
        150
      ],
      "grade": 0,
      "name": "Marvin Gardens",
      "position": 29,
      "price": 280,
      "owner": "",
      "mBool": false
    },
    "Ventnor Ave.": {
      "rent": [
        22,
        110,
        330,
        800,
        975,
        1150,
        130,
        150
      ],
      "grade": 0,
      "name": "Ventnor Ave.",
      "position": 27,
      "price": 260,
      "owner": "",
      "mBool": false
    }
  },
  "rails": {
    "Short Line": {
      "gcount": {
        "count": 0,
        "max": 4
      },
      "name": "Short Line",
      "position": 35,
      "price": 200,
      "owner": "",
      "mBool": false
    },
    "Reading Railroad": {
      "gcount": {
        "count": 0,
        "max": 4
      },
      "name": "Reading Railroad",
      "position": 5,
      "price": 200,
      "owner": "",
      "mBool": false
    },
    "Pennsylvania Railroad": {
      "gcount": {
        "count": 0,
        "max": 4
      },
      "name": "Pennsylvania Railroad",
      "position": 15,
      "price": 200,
      "owner": "",
      "mBool": false
    },
    "B\u0026O Railroad": {
      "gcount": {
        "count": 0,
        "max": 4
      },
      "name": "B\u0026O Railroad",
      "position": 25,
      "price": 60,
      "owner": "",
      "mBool": false
    }
  },
  "utility": {
    "Electric Company": {
      "gcount": {
        "count": 0,
        "max": 2
      },
      "name": "Electric Company",
      "position": 12,
      "price": 150,
      "owner": "",
      "mBool": false
    },
    "Water Works": {
      "gcount": {
        "count": 0,
        "max": 2
      },
      "name": "Water Works",
      "position": 28,
      "price": 150,
      "owner": "",
      "mBool": false
    }
  }
}